{
    "dom": 0.0,
    "praca": 0.3473913043478261,
    "szkola": 0.98,
    "uczelnia": 0.75,
    "adults_entertainment": 0.14869565217391305,
    "culture_and_entertainment": 0.14869565217391305,
    "gastronomy": 0.14869565217391305,
    "grocery_shopping": 0.17782608695652176,
    "healthcare": 0.0,
    "leisure_time_schools": 0.5,
    "official_matters": 0.0,
    "other": 0.14869565217391305,
    "other_shopping": 0.14869565217391305,
    "pharmacy": 0.17782608695652176,
    "religion": 0.3473913043478261,
    "services": 0.3473913043478261,
    "sport": 0.14869565217391305
}