{
    "dom": 0.0,
    "praca": 34.73913043478261,
    "szkola": 98.0,
    "uczelnia": 75.0,
    "adults_entertainment": 14.869565217391305,
    "culture_and_entertainment": 14.869565217391305,
    "gastronomy": 14.869565217391305,
    "grocery_shopping": 17.782608695652176,
    "healthcare": 0.0,
    "leisure_time_schools": 50.0,
    "official_matters": 0.0,
    "other": 14.869565217391305,
    "other_shopping": 14.869565217391305,
    "pharmacy": 17.782608695652176,
    "religion": 34.73913043478261,
    "services": 34.73913043478261,
    "sport": 14.869565217391305
}