{"car_driver": {"mean": 29.170568530603486, "std": 0.06988066192172837, "median": 29.165383529927432, "list": [29.22076891077853, 29.188083438366792, 29.157182643468932, 29.209423633784255, 29.08511215821327, 29.265144076118236, 29.101251639354697, 29.204785660378157, 29.138764487263057, 29.136224987992964, 29.13503636467819, 29.0906604009653, 29.154753716734565, 29.136881867038745, 29.224685336373323, 29.0667772883989, 29.16874298909851, 29.124140953177243, 29.107524749745796, 29.18761798342518, 29.079045939470337, 29.27919774667924, 29.293004118710293, 29.179733469037245, 29.146541259560454, 29.129141228537076, 29.301469226658767, 29.101313396474264, 29.13658775344155, 29.235842029588987, 29.160962626385807, 29.039618007030025, 29.193777839968284, 29.271211878885197, 29.081266064695814, 29.125071782298857, 29.257994036657394, 29.21692879319998, 29.102485783949916, 29.25294466229274, 29.169032105000042, 29.090374245540968, 29.13877113817994, 29.22699069286453, 29.260727703438526, 29.16252423257769, 29.30292612651578, 29.246912756440608, 29.09442415687237, 29.09333443523719, 29.293916080285403, 29.286859484151726, 29.085236157739878, 29.1913219171838, 29.26345936110202, 29.14561804125566, 29.068319304099244, 29.216111539800938, 29.221863154696948, 29.194968380154585, 29.260452545448963, 29.178111380966666, 29.151313411988628, 29.084811493010875, 28.998573110111863, 29.24802320288766, 29.109195250030467, 29.06570875604741, 29.182697047794832, 29.20185365533159, 29.08108462420021, 29.126613378724414, 29.15172896310903, 29.08326126767728, 29.248303348384074, 29.13021123214333, 29.177100697627345, 29.11399096293195, 29.10777946194948, 29.265811583111308, 29.088051314336344, 29.126427550519846, 29.258115946945285, 29.172618719612736, 29.10946554781561, 29.134651906456426, 29.1706429536656, 29.16824282727717, 29.211245603046365, 29.24810881675357, 29.2692337044543, 29.157678610441206, 29.08763724487414, 29.11636013918464, 29.19813215026294, 29.18674740297387, 29.283666223614436, 29.265014664093165, 29.240914711877636, 29.155879706651277]}, "car_passenger": {"mean": 10.147895935358017, "std": 0.04124452433856256, "median": 10.153097022746069, "list": [10.11570391399106, 10.115912489404055, 10.199490486645683, 10.173708855427249, 10.215113048862726, 10.08098990959266, 10.086647058074538, 10.16725254276578, 10.121400936328003, 10.204655019046923, 10.184974925668348, 10.172681428953139, 10.128458811703084, 10.15751415186932, 10.085748550657907, 10.13670390978685, 10.15846492799844, 10.171050718909587, 10.199959497042329, 10.145198974020367, 10.156364400359077, 10.101202554356282, 10.153911928174434, 10.20313179182172, 10.19254603023692, 10.112305940382003, 10.156445921136866, 10.128156427663452, 10.119227973971984, 10.16171909849258, 10.100154287441214, 10.112543937661457, 10.08154023266316, 10.09374778234754, 10.091988736591368, 10.139051053901884, 10.132596427504275, 10.098764018255544, 10.173726431424697, 10.086217040507062, 10.101339614807785, 10.170171250560818, 10.166880507369292, 10.154885822299828, 10.116229379385375, 10.197746304101777, 10.11068248723404, 10.100230159713682, 10.127584196363475, 10.162520223644101, 10.128069693986859, 10.079654913537519, 10.160325330301095, 10.071002881245613, 10.133166411942081, 10.146619063441104, 10.182876933909304, 10.085854399998306, 10.116318825147053, 10.231115793177489, 10.155520781131967, 10.17128112600087, 10.198376237665734, 10.18029724251898, 10.098844938986696, 10.13115135861799, 10.258111351918481, 10.17850654502812, 10.134734712873742, 10.183341475485058, 10.152282117317704, 10.176896067341392, 10.16589451044025, 10.220181775019501, 10.114331965276644, 10.080517346479024, 10.117663017272713, 10.088996301864292, 10.125070918682733, 10.14594004676602, 10.176382432555606, 10.19392119613874, 10.216700871807049, 10.16359844518954, 10.182506215053582, 10.22095754635907, 10.148581328028552, 10.14093789768254, 10.158327424802687, 10.072274383853983, 10.174699612485266, 10.159207905671543, 10.184556423717952, 10.132497149857016, 10.18183667652441, 10.173262263337019, 10.125988779074639, 10.17572533469852, 10.147120897488382, 10.222324550979527]}, "public": {"mean": 31.39506504553824, "std": 0.07137821736950628, "median": 31.39060308027115, "list": [31.371415809022384, 31.46357905341838, 31.231917629734546, 31.334229589395175, 31.3760958169164, 31.357824298242644, 31.474230829630194, 31.31743264541847, 31.35852219334411, 31.39471393568894, 31.434807798828096, 31.36872776008245, 31.43304587058886, 31.40691067478023, 31.363582957832797, 31.601376563290373, 31.451566731059167, 31.326653714870194, 31.37685669481021, 31.303595161303978, 31.51555473496786, 31.377660920105978, 31.352465088321573, 31.332336757736712, 31.427574000662123, 31.333908717494154, 31.30558538921015, 31.433552409591254, 31.51447283945647, 31.287978241083625, 31.329257882709733, 31.4913395163681, 31.44800697099025, 31.401217418382444, 31.535110321934123, 31.415218483067854, 31.25467541742339, 31.40661848288967, 31.358949573915517, 31.316831987550316, 31.42343605690609, 31.42305999271995, 31.41487674405546, 31.28676657568617, 31.39147594663692, 31.366669737097048, 31.35480834364257, 31.42585690272601, 31.4569063398457, 31.393982545419096, 31.292256800556906, 31.311527906789333, 31.49948598066525, 31.52451602918136, 31.362474673174056, 31.410404281750708, 31.481833886256428, 31.488485179504604, 31.36818840495337, 31.38943970291017, 31.33130831764423, 31.44387328355788, 31.381787622229922, 31.376985431796722, 31.460804986069828, 31.336918207703953, 31.349692926445417, 31.40384682610893, 31.34614915702017, 31.475686404584756, 31.522948039700765, 31.43448727027911, 31.314401481015754, 31.441821819784987, 31.38344644344106, 31.37982030690944, 31.430745411057547, 31.475596321739925, 31.45317673359132, 31.33249285754359, 31.578623831235863, 31.456067096331253, 31.418764205027305, 31.416772284698176, 31.28059800269814, 31.306032461428444, 31.51915570732971, 31.31107953491871, 31.447054796190137, 31.409339878404236, 31.327216762344083, 31.339204469529697, 31.3904014531935, 31.407620337601294, 31.389475491094654, 31.428441211977322, 31.355686785763915, 31.390804707348796, 31.32141546593587, 31.28490730995145]}, "pedestrian": {"mean": 20.258956856526368, "std": 0.06032866437697322, "median": 20.25638307678019,