{"car_driver": {"mean": 24.839779448242925, "std": 0.06133028654656676}, "car_passenger": {"mean": 8.653315829692232, "std": 0.037517020745197596}, "public": {"mean": 34.76057244628602, "std": 0.06985762870642012}, "pedestrian": {"mean": 21.560487877069097, "std": 0.06778530644653243}, "bicycle": {"mean": 10.185844398709731, "std": 0.04963846637807664}}