{"car_driver": {"mean": 23.93592938187454, "std": 0.05979847759903965, "median": 23.93382156417811, "list": [23.934670313297016, 23.946046030777573, 23.872487790188465, 23.95975990131069, 23.959259696062713, 23.898556423908307, 23.956820653498887, 23.913672848899914, 23.89392154702687, 23.96796919070462, 23.90020966586162, 23.981338438948306, 23.912296916867348, 23.96632979501498, 23.96733303569251, 23.893418183012198, 23.918464983713356, 23.954897387415986, 24.057907878659087, 23.959239784243046, 23.925191642358048, 23.90094711290167, 23.855245052292158, 23.95863376482364, 24.064537292707705, 23.96072952139104, 23.922124366555618, 23.92856082865877, 23.93650450473365, 24.083188026351355, 24.03879228684193, 23.944473940499922, 23.85082126997494, 23.862395166486394, 23.857902393863245, 23.943349993852987, 23.967244356212326, 24.003975314103794, 24.017252524824347, 23.87194142208826, 23.88866716483815, 23.945323701422037, 23.935077735033225, 24.012113593024402, 24.00000846732881, 23.928523359414825, 23.93258117134488, 23.825552155281766, 23.92628300082105, 23.893568970651664, 23.959872545299206, 24.055498930473927, 24.01745660488535, 23.886028222492083, 23.85200141399923, 23.870142429824664, 23.972166293988483, 24.025756425320367, 24.000865859662824, 23.903524361350755, 23.95903394106302, 23.930684046810388, 23.839427780849896, 24.02502799267101, 24.026555851162534, 24.001345475150092, 23.918111218750298, 23.92567670086379, 23.88563953082233, 23.85842027930765, 23.983549775288402, 23.973806998939555, 24.035465989830477, 23.891231502840494, 24.034521902417808, 23.972108323684004, 23.774843697365046, 23.914583125703732, 23.847743848571074, 23.984571880288826, 23.91704536170637, 23.94521908334907, 23.932972815059205, 23.87977800541745, 23.887832337256928, 23.943111807422778, 23.94800327311425, 24.000716955357863, 23.884257247927916, 23.9277470809173, 23.81958349277149, 23.82351165925598, 23.89225499411461, 23.910845227773315, 23.92817295169248, 23.94327791265086, 23.86466456635917, 23.916947226485977, 23.9497738169866, 23.955448856371042]}, "car_passenger": {"mean": 8.420268910377729, "std": 0.03418818225426628, "median": 8.414746523145386, "list": [8.400682523640706, 8.391062470340994, 8.438713426233228, 8.414070445651873, 8.46298427188819, 8.458789872177956, 8.40988155783145, 8.413196164038979, 8.407446168447635, 8.444033031772086, 8.430478515884179, 8.413108567275756, 8.45222246718448, 8.363914664834967, 8.376397577444058, 8.435114463388981, 8.39864956568947, 8.4371526454417, 8.485788662806142, 8.478603960490489, 8.381597245777083, 8.379260868043662, 8.489094015717837, 8.442796430449755, 8.401674368634994, 8.468865714300893, 8.45256732449841, 8.370009031125583, 8.438228290002893, 8.393213943110329, 8.400585504012904, 8.385604935838131, 8.402757965316496, 8.364177906758279, 8.395080015870917, 8.356437616316287, 8.462475264210559, 8.366787287885346, 8.426289965346587, 8.434680516417236, 8.395604768859753, 8.438680158678931, 8.46448139552136, 8.388673769322336, 8.438328210599403, 8.395463664486675, 8.46521622005723, 8.446407474516523, 8.421293200497711, 8.46388871520363, 8.39384180946667, 8.412899511119155, 8.391082209884093, 8.40746024086163, 8.397478155728873, 8.387922086304368, 8.413302755698053, 8.402545949683347, 8.444572248348925, 8.46252030510442, 8.45015138431247, 8.395346055863842, 8.424172699671812, 8.400134025515744, 8.458129786897883, 8.448268178239381, 8.405335461123094, 8.465989090449954, 8.434889003198553, 8.407302296560191, 8.407150483084873, 8.507847295864263, 8.478455557158986, 8.328894510219197, 8.370129112339406, 8.457786743833074, 8.403266094775223, 8.378411045117295, 8.388278427126208, 8.416813891674227, 8.41270632823019, 8.424878888254653, 8.487104009416239, 8.403611490412475, 8.435023486507436, 8.365231935299473, 8.420531584280571, 8.443209923680314, 8.439910404437919, 8.44859207770533, 8.391199225793049, 8.466183869024109, 8.385624401934134, 8.392284389647227, 8.415422600638896, 8.403890686218038, 8.443384295950752, 8.418914678720139, 8.428599867848128, 8.4176976687075]}, "public": {"mean": 36.198594729972726, "std": 0.062121308703643595, "median": 36.2021833721042, "list": [36.24883479979766, 36.201253304860685, 36.18610658110432, 36.28329012491162, 36.11866367893104, 36.22497273221605, 36.09783191684669, 36.185524263206396, 36.28015710932402, 36.18024540553838, 36.20945354176066, 36.1890210861615, 36.20825984465624, 36.17299811529957, 36.23144296060006, 36.234576597207294, 36.21318539630836, 36.21437011447639, 36.10752802422568, 36.15752080884481, 36.09925123804355, 36.27036250319469, 36.23132063519639, 36.2088161444107, 36.211459637121045, 36.2261665064043, 36.1479586158505, 36.11422041882375, 36.19503944092764, 36.12605402769754, 36.166515139808666, 36.251959191589066, 36.273649891978636, 36.19106050489922, 36.23732310540934, 36.17346441304523, 36.166029480503376, 36.17504082740723, 36.21345230651845, 36.261203693785326, 36.18518817295608, 36.20833963809437, 36.15150648056889, 36.165032335067835, 36.04531291013624, 36.269276299543975, 36.254801767347345, 36.184680510486885, 36.18885484294191, 36.117325510784795, 36.20311343934772, 36.12553198470382, 36.24343867138195, 36.207410392792184, 36.17141662128493, 36.24506267610626, 36.180106936903414, 36.243409248049815, 36.10072409636509, 36.13603014120999, 36.18233588009768, 36.28133225659984, 36.243794850281894, 36.244571118349626, 36.096192325269946, 36.098843612919104, 36.16545829005071, 36.169795124973874, 36.21996989845491, 36.15543599049553, 36.10885816399122, 36.16808059384942, 36.07272310552363, 36.3187336727353, 36.13734497501565, 36.234517854610196, 36.243461348598835, 36.18056247654227, 36.242869157322374, 36.231676455140146, 36.179443623334336, 36.25617760085218, 36.16804851225349, 36.20907915045441, 36.08090879441576, 36.25621916880147, 36.24104875329113, 36.185882342959204, 36.24920589115133, 36.281184417871465, 36.31692030141496, 36.15412391712033, 36.19272328497997, 36.3745153364609, 36.217169596002016, 36.30243183742233, 36.313060815437154, 36.217339868893056, 36.06623689070362, 36.289048937665655]}, "pedestrian": {"mean": 21.57677092668499, "std": 0.05894072164068399, "median": 21.57636493115147,