{"car_driver": {"mean": 23.049151071638427, "std": 0.06709762008409809}, "car_passenger": {"mean": 8.193111454843741, "std": 0.03687433106413906}, "public": {"mean": 37.483054943884895, "std": 0.07397891258834945}, "pedestrian": {"mean": 21.65894939198775, "std": 0.056919414601935184}, "bicycle": {"mean": 9.615733137645185, "std": 0.03827860479831324}}