{"car_driver": {"mean": 26.00142229864044, "std": 0.0674108111290693}, "car_passenger": {"mean": 9.129015768698288, "std": 0.04144142048604447}, "public": {"mean": 34.54015167185465, "std": 0.05752514629895113}, "pedestrian": {"mean": 20.967568407721974, "std": 0.05572320705849282}, "bicycle": {"mean": 9.361841853084652, "std": 0.04843156366373326}}