{"car_driver": {"mean": 29.170568530603486, "std": 0.06988066192172837}, "car_passenger": {"mean": 10.147895935358017, "std": 0.04124452433856256}, "public": {"mean": 31.39506504553824, "std": 0.07137821736950628}, "pedestrian": {"mean": 20.258956856526368, "std": 0.06032866437697322}, "bicycle": {"mean": 9.027513631973891, "std": 0.036350471860228994}}