{"car_driver": {"mean": 26.992947354480577, "std": 0.06158985488328277}, "car_passenger": {"mean": 9.413987890709086, "std": 0.03981000072030179}, "public": {"mean": 33.07408873385665, "std": 0.06783921826832698}, "pedestrian": {"mean": 20.89901494350845, "std": 0.05532206712235386}, "bicycle": {"mean": 9.619961077445243, "std": 0.04046827395455802}}