{"car_driver": {"mean": 26.00142229864044, "std": 0.0674108111290693, "median": 26.002490408376488, "list": [26.044894469710695, 25.8677658809234, 25.975947156277734, 26.028024505543424, 26.002300291878655, 26.017311109392267, 26.034589023294497, 25.950609515152863, 25.824830076105563, 25.955334987593055, 26.016001661849636, 26.0033257075072, 26.081815205332703, 26.02454038491934, 26.01830399376236, 25.95219051755645, 25.926354044822165, 26.038924148573994, 26.021068996887415, 26.11856953642384, 25.952084184174097, 26.031122510056182, 25.8981342876424, 25.960060955241165, 25.972404465991016, 25.992564898270437, 25.993979382404582, 25.97596578179103, 25.98600687474511, 25.817035757778918, 26.077289223023612, 26.05899009416423, 26.05695961391923, 25.910281348131765, 26.022700890798472, 26.011741326418196, 25.871763642459143, 26.023110153020955, 26.043999584709688, 26.018420626529892, 25.987922449412014, 25.98924619471766, 25.983451218594972, 25.927411269300183, 25.91842168632522, 26.00416763335844, 25.938507679396693, 25.985475859496848, 26.04155182210613, 25.989394764326917, 25.939249025107465, 26.13397550483485, 26.055547197955754, 25.959034219284927, 25.95757393415739, 26.031719107794082, 26.104694574628645, 26.047304058339627, 25.9921486810399, 26.017753550179762, 25.8933920854597, 26.05229916239954, 26.10818129233612, 26.03655836989241, 25.99932864514448, 25.99841174418691, 25.99431516874191, 25.879195999757794, 26.056415647838843, 26.119196625802942, 26.147882177242543, 25.94996759669105, 25.98355319658765, 26.09727202631141, 26.056647750088707, 26.048715554618205, 26.13100995536665, 25.984136045746826, 26.009686040158737, 25.953235407931214, 25.966521498407957, 25.97612989923992, 26.05312296661163, 26.043978746960633, 25.837220710121233, 25.982971537657225, 26.002680524874318, 26.003666351429633, 26.02742773601996, 25.973073253471856, 26.117682491001908, 25.930116994382317, 26.083032108517212, 25.99984107223267, 26.075129053606883, 25.96852293829695, 25.904762712475325, 26.115779595688615, 25.97878945193724, 26.02051248367169]}, "car_passenger": {"mean": 9.129015768698288, "std": 0.04144142048604447, "median": 9.122535209153327, "list": [9.152738448239148, 9.06586916426452, 9.086570937437367, 9.10425455239226, 9.19322451780714, 9.133098887778704, 9.110727095088519, 9.079535185767845, 9.082347407495297, 9.081779813789739, 9.152997211526538, 9.188696831045586, 9.1211652102598, 9.152521876203338, 9.089387433828382, 9.10679004825442, 9.093174657545141, 9.095832856373665, 9.179321585501853, 9.144476821192054, 9.119492518789215, 9.096909042562771, 9.043370846748006, 9.166722340817, 9.131137080995371, 9.213700922503362, 9.10096560873191, 9.100032249304094, 9.114386648800098, 9.068863533175769, 9.130795922632275, 9.114195186596454, 9.19016171365676, 9.119446881184553, 9.145764228340388, 9.129400349146625, 9.123228782522714, 9.12068116815331, 9.112973796452659, 9.137714449598326, 9.113147579192711, 9.099920067338497, 9.171215586490211, 9.155868750815612, 9.117332872235135, 9.187438621693516, 9.11061230925856, 9.14550417033973, 9.140743599094247, 9.136476206011894, 9.119435474631578, 9.147549157415117, 9.13755220262777, 9.195764788054204, 9.111730730930095, 9.104083623102365, 9.117801255063945, 9.061405059926875, 9.135241778430817, 9.088035973740865, 9.20640012917536, 9.148962324934722, 9.136337921930982, 9.072652822586624, 9.11168316286497, 9.086031936876903, 9.17421462359205, 9.17232082248447, 9.087421362318349, 9.101686780686727, 9.042081069344263, 9.128943990986373, 9.186120730054858, 9.17388671288769, 9.14242249762569, 9.159575606824799, 9.153491900206905, 9.10106730582861, 9.116927064583482, 9.14088217676401, 9.121841635783941, 9.160615927210534, 9.191286341352788, 9.126093244266924, 9.090687565091269, 9.182275737354455, 9.16675937256647, 9.107632089788543, 9.129865933565341, 9.114703699777376, 9.045492047534513, 9.082798795515181, 9.13548124637153, 9.1206526633645, 9.15674387822634, 9.168009372990575, 9.259757910114217, 9.08041162779601, 9.079852098276247, 9.246191121427504]}, "public": {"mean": 34.54015167185465, "std": 0.05752514629895113, "median": 34.53327010451992, "list": [34.50003019237309, 34.690506988210146, 34.51618068582736, 34.52260827168083, 34.49219891805792, 34.56150593301243, 34.528132356108024, 34.579801620218085, 34.602183161855685, 34.60117494856949, 34.48867917929216, 34.46343840027114, 34.54794169286504, 34.5417533422935, 34.58658166189416, 34.58014418060183, 34.49830376543924, 34.52308272812451, 34.48637039029644, 34.48561589403973, 34.61999904529036, 34.48339790263648, 34.65112312472654, 34.54756004059441, 34.6081446889514, 34.512428905811454, 34.577015057901555, 34.673942562292076, 34.49384821537337, 34.63151708540368, 34.53594959832051, 34.52381330714659, 34.47114977563289, 34.645676799267704, 34.47558652448662, 34.557782918933576, 34.51587783214439, 34.56529488147878, 34.478312734792645, 34.57978937877215, 34.59275346964721, 34.53981473432461, 34.48665620759388, 34.59078259559511, 34.52158056258931, 34.434143659402444, 34.659673563466534, 34.59114565674374, 34.612383706631164, 34.558323499939625, 34.465474589144854, 34.55993040784609, 34.559463851732886, 34.488509791678794, 34.57499777530118, 34.52930201000763, 34.58246617417322, 34.55333062967955, 34.47276050296783, 34.5471996266876, 34.62579512957903, 34.50322577910407, 34.48419063197215, 34.594665587723775, 34.56683316408273, 34.50681900351261, 34.51551661964661, 34.64231422552672, 34.56136706628457, 34.436664409997576, 34.53581604228231, 34.60906360790725, 34.43830434220208, 34.48514680318732, 34.507598855231876, 34.49609404393366, 34.520660272715816, 34.56590192479397, 34.510382740467485, 34.46352181587834, 34.561535997556255, 34.591887140208954, 34.53077609466502, 34.4653101873679, 34.60159111400229, 34.53576411437482, 34.486064978889544, 34.52290304713835, 34.52960214421544, 34.59641683451712, 34.48829134932098, 34.59439757746825, 34.60734126900047, 34.51964082324584, 34.485876902713436, 34.52137683807756, 34.50109510795241, 34.46211105043554, 34.570014938497884, 34.40814990364578]}, "pedestrian": {"mean": 20.967568407721974, "std": 0.05572320705849282, "median": 20.969056286590714,