{"car_driver": {"mean": 27.047178952565975, "std": 0.06243655963623868}, "car_passenger": {"mean": 9.572009721340201, "std": 0.03963346572875475}, "public": {"mean": 34.15184109865467, "std": 0.0784961976893104}, "pedestrian": {"mean": 20.490539336567604, "std": 0.055151953930770777}, "bicycle": {"mean": 8.738430890871545, "std": 0.04164080059567416}}