{"car_driver": {"mean": 25.044035656838982, "std": 0.06710491766382734, "median": 25.04529452012234, "list": [25.026573907287297, 25.06968694723953, 24.998675159775733, 24.961458137975097, 25.23397445741331, 25.093551918132523, 25.236258621822937, 24.98233710353958, 25.064697911947174, 24.964758204184076, 25.05385264982586, 25.017501458896195, 25.073951553115194, 25.163244192110852, 24.94064630288526, 25.124888587071858, 24.950688976482272, 25.11138636154132, 25.164154572181413, 25.061433139426974, 25.202495349046757, 24.878375310559335, 25.013316582381368, 25.0717284462246, 25.044712673394052, 25.104727454476915, 25.05766703821031, 25.108010820161454, 25.042742647946763, 25.04953756117399, 24.944788243555447, 25.06919078020943, 25.035037726422043, 25.00431947814344, 25.006411411252294, 25.004687663869607, 25.043416014367526, 25.032512787655957, 25.000370609599848, 25.105712609921, 25.001881307015527, 25.075246618141428, 25.03665362955681, 24.94956544208207, 25.072427024005144, 24.992059189740896, 24.94706619689681, 24.953546522905565, 24.927535310307842, 25.08180553745894, 25.081383207419695, 24.992972142101696, 25.018846588767435, 24.99211311382735, 25.003683434508535, 25.05264541208614, 25.060983560676654, 25.063893596217923, 25.120774997214724, 25.11980301766929, 25.072538843637084, 25.12993159709598, 25.017716426840703, 25.087674660220937, 25.123865800737256, 25.0418042457835, 24.998940448995334, 24.974442041966963, 25.047568066059988, 24.94334914747893, 24.970314958292516, 25.07552838053791, 25.04769038489695, 24.999072982253175, 25.076307127048587, 25.137590366554303, 25.075162684511927, 25.090775319290593, 25.04586688951435, 25.100927632367714, 25.12449354964485, 25.00683304694568, 25.140878215076196, 24.975705907814, 25.006197756094462, 25.04472215073033, 25.109230261951186, 25.030596966688247, 25.02385630087005, 25.087353059107315, 24.959611250333925, 24.937834204060614, 25.03037087954279, 25.099181737413833, 24.930225757026694, 25.053537726357085, 25.072099907826672, 24.947073035500555, 25.018752622188696, 25.089576124613284]}, "car_passenger": {"mean": 8.883202546048317, "std": 0.03533867218394842, "median": 8.884278471458039, "list": [8.919073170007234, 8.889157697821268, 8.899852677767061, 8.874217375042251, 8.88451611741668, 8.928798717002266, 8.870432527675707, 8.836540236396386, 8.861518350439331, 8.944632753990007, 8.89530281983388, 8.861616149848498, 8.899004822627637, 8.871579822169833, 8.863379352339248, 8.90221128135478, 8.87259260986475, 8.850090115672286, 8.862228774284286, 8.837781513318026, 8.891562561283928, 8.910162159180357, 8.934100425069554, 8.829885669043307, 8.927277273671228, 8.886373359199284, 8.892230778449338, 8.917199477647378, 8.917800644476506, 8.833730657581338, 8.85891460369521, 8.849643723067475, 8.893231261696885, 8.886359035023283, 8.879221728855589, 8.865776028187426, 8.876033512927382, 8.849842899058666, 8.87419392412033, 8.887376103974201, 8.906690351703721, 8.916300325150175, 8.882784658867001, 8.829356989832606, 8.879855474804094, 8.905883399259706, 8.866835490209365, 8.893204171644141, 8.905393704500918, 8.908620380992938, 8.853772855602786, 8.89466911784206, 8.85281449450908, 8.91779218002003, 8.846920701749923, 8.891060295026266, 8.944043541361218, 8.882323372648662, 8.865038649060168, 8.900121948506158, 8.887928413510075, 8.881353345042989, 8.89598017457576, 8.88970167292157, 8.870721433449704, 8.829184032051336, 8.90987035333907, 8.878596256302089, 8.84909130418652, 8.900443022397244, 8.915690240830502, 8.807526433607665, 8.847813032471901, 8.883160802087538, 8.94814293720726, 8.909029235302848, 8.916829863932731, 8.899320762078021, 8.855650270535111, 8.771818140342724, 8.915539337842649, 8.914318888236778, 8.822855979850917, 8.874663701867993, 8.902838254457617, 8.822840971315335, 8.854834280649412, 8.957732211109004, 8.8296379455515, 8.84466960707565, 8.8840408254994, 8.928883600837848, 8.833239246272617, 8.902713900710122, 8.993725086303904, 8.877095173237704, 8.878550767987322, 8.926608295937266, 8.930062254467785, 8.84862773507709]}, "public": {"mean": 35.815239887803095, "std": 0.0705068687098926, "median": 35.813359278893415, "list": [35.78322480995148, 35.79325339097163, 35.90868141302159, 35.85034208220357, 35.72626074026691, 35.780850919396855, 35.63344026902844, 35.88676226908282, 35.79144724905221, 35.936350666997356, 35.826925583213864, 35.88821095374213, 35.771657543588724, 35.67405010960682, 35.87222883475803, 35.701689232205766, 35.94834557674025, 35.91732032757392, 35.71886993874387, 35.86995370640421, 35.71009853130582, 35.93174165706611, 35.79125965319587, 35.95473821104432, 35.81410970921929, 35.739276289873736, 35.78962216026293, 35.73133606946611, 35.83761819110148, 35.81859562205515, 35.916281793167535, 35.76798060328855, 35.81988279827585, 35.78223894187095, 35.83173489609275, 35.77794562733655, 35.6559842092779, 35.8516865279313, 35.790192611103464, 35.7532010222944, 35.80143148915784, 35.847382901424815, 35.81260884856754, 35.9097229355719, 35.82769422694827, 35.79261991682266, 35.944698997222034, 35.848516615664124, 35.89617227466528, 35.856937501522765, 35.73977706190207, 35.92640957613265, 35.785542760580554, 35.82784780109379, 35.82683299890928, 35.758078037086534, 35.752957477416736, 35.83449808796425, 35.74112291833562, 35.81249384165341, 35.73656985286718, 35.840768470003106, 35.85115231034936, 35.81769607531328, 35.81800211250578, 35.960563954129924, 35.91676591127744, 35.84237440581058, 35.84104050838205, 35.871022770672255, 35.902255639097746, 35.80898875213012, 35.80895412174363, 35.89232609411931, 35.74426067637621, 35.74487481184676, 35.75611432790662, 35.740933334605515, 35.77627987180602, 35.81511861450366, 35.856897048602285, 35.72401694171888, 35.83098006292349, 35.790502176920405, 35.74304209176917, 35.77740284251766, 35.68672729065481, 35.80899439558937, 35.80182059849925, 35.91701088121045, 35.96146425648658, 35.76289377409686, 35.82492816373479, 35.736277297507044, 35.8711661252143, 35.80418854599796, 35.81787653441014, 35.856123466920245, 35.77428199705891, 35.80259466260807]}, "pedestrian": {"mean": 21.09127852969334, "std": 0.05414014891236278, "median": 21.094185903033697,