{"car_driver": {"mean": 26.992947354480577, "std": 0.06158985488328277, "median": 26.99551819823774, "list": [26.950067290326206, 27.066872556734662, 26.990017984372567, 27.09073902825971, 26.951521788031968, 26.974450537771546, 26.919691514749015, 26.95590017912271, 27.08201422673043, 26.889431983416067, 27.03686971202895, 27.029977898289694, 26.96917007473664, 27.020104925659123, 26.98920067152458, 27.059523506503425, 27.059069145384836, 27.03274211935629, 27.051890396074903, 26.96602584063912, 27.009819653500006, 26.883678410569615, 27.007859735901846, 26.970260892787877, 27.062567672326487, 27.054032517340428, 27.104224124645953, 27.009464089948576, 27.00291107086502, 26.896936713589515, 26.945520542565728, 27.02815114102733, 26.936241208545862, 26.94010001176734, 26.976584058516018, 27.000072063212155, 27.000191030076625, 26.991071077955336, 27.01575724651905, 26.976047618391036, 26.913226093022168, 27.05984792791724, 27.03377499796, 26.986953693199005, 26.95238701734276, 27.012757722114234, 26.977682463520026, 26.996535507864017, 26.98630267580316, 26.99262135346186, 26.929918216339328, 27.02115804053301, 27.045964303978508, 26.955781140456477, 26.99211623491648, 27.046042443026902, 27.099478372675513, 27.05451897581345, 26.881849396855053, 26.912554549395757, 26.964924907227118, 26.958038475151376, 27.04679290972901, 27.009740790168824, 27.017083901646828, 26.847561758764794, 26.903989128844813, 27.05538295529106, 26.95300081807739, 27.14612896670844, 26.963084150820883, 26.99256133080849, 26.908468660499896, 26.856389992410783, 26.985472989087516, 26.99669372443465, 27.02358891430035, 26.99864405197164, 27.081880488304535, 26.886157053524133, 26.8577806372562, 27.04350185594634, 26.920162648323338, 27.072716669894664, 27.006852901089722, 27.02643094733427, 26.89788086613147, 27.095542414680068, 27.103496386179245, 27.010857593113496, 27.03795665457505, 27.081765672195434, 26.99661981627408, 26.989406362116352, 26.951351466033014, 27.015817327704113, 26.93412837526544, 26.994500888611466, 26.990904716787167, 26.92323189481497]}, "car_passenger": {"mean": 9.413987890709086, "std": 0.03981000072030179, "median": 9.413999859030547, "list": [9.406222525768113, 9.393592944305746, 9.466647308119885, 9.40201576299514, 9.386021875039791, 9.396548059346172, 9.45135934125413, 9.439841175740698, 9.334873307433769, 9.420558647850067, 9.428469619552422, 9.372165002053135, 9.366949231802607, 9.36672820695331, 9.336121807686474, 9.378208228336769, 9.44440794145014, 9.415413982343116, 9.363063001884454, 9.438305660092611, 9.453495133599612, 9.43315986675561, 9.415456667518642, 9.439533025436464, 9.407049905457585, 9.461499855164885, 9.399248595766842, 9.406998236406295, 9.428287724436993, 9.423341427382791, 9.414555450599137, 9.44313113007754, 9.461837319782482, 9.427439522776158, 9.390846543751953, 9.463277434888768, 9.315051047481587, 9.47210786451982, 9.353869071934149, 9.465449195983577, 9.40843971495873, 9.38258056451835, 9.444833604803593, 9.32174699313034, 9.505720775223418, 9.372957533676821, 9.475460467563101, 9.438196767887508, 9.404450809435486, 9.393971826985945, 9.399602225330646, 9.39391527231624, 9.357632883967772, 9.481318536792836, 9.38811509427762, 9.416318341768692, 9.437242939147723, 9.433241268917964, 9.397704175047366, 9.427068372109293, 9.397699677666564, 9.480604530801951, 9.402187027699812, 9.466452514973998, 9.431969557856524, 9.402893344924546, 9.400432895844242, 9.409876692392409, 9.4456148084724, 9.466759237308226, 9.441689424756133, 9.421359000704806, 9.348879769181286, 9.347984618058941, 9.443352077293662, 9.46898247250069, 9.449218059610983, 9.46139792087969, 9.416134089502684, 9.412235513411552, 9.453591124499312, 9.403638121201457, 9.45645066768684, 9.470936933447213, 9.378702802842904, 9.389788346716516, 9.398524520861299, 9.3990612818541, 9.408463146673236, 9.413444267461959, 9.458060318197088, 9.34852419055694, 9.438749544078105, 9.382330939398626, 9.37454915772054, 9.39238780485733, 9.427919316659342, 9.375301370167877, 9.316571389812689, 9.432403774785282]}, "public": {"mean": 33.07408873385665, "std": 0.06783921826832698, "median": 33.08051485588348, "list": [33.17895620985249, 32.985222155524774, 33.03592529437885, 33.04353912327883, 33.10435421096638, 33.10281426688773, 33.087172186756234, 33.079160785170465, 33.036050454302966, 33.090813129793, 33.056858216093886, 33.08847793171282, 33.092642820096415, 33.07975769438946, 33.17651700181032, 33.10764374984092, 33.11562241020087, 33.093560274662636, 33.10357706738197, 33.18068148122956, 33.02225230292111, 33.180971207800376, 33.0343289423029, 33.078318705052745, 33.058561152452434, 33.12914941996984, 32.97325447308708, 32.995196457983575, 33.048655259055636, 33.092492910631506, 33.1476666065231, 33.028359102117385, 33.0992481059461, 33.08127201737749, 33.14947326048844, 33.093970428648944, 33.19052066308662, 32.98596186236958, 33.084806474784266, 33.03674367250053, 33.137425766085514, 33.01847618603725, 32.98845836331517, 33.064157519323246, 33.05971258146002, 33.03575217933809, 32.99245051683944, 33.128941018823596, 33.06159717727712, 33.106523579772144, 33.15167441060789, 33.02341871905497, 33.07017190195583, 33.051558441420696, 33.12559430359015, 33.04619921571286, 32.89795433400486, 33.00541134961055, 33.09023557944902, 33.15257083074079, 33.09901180052002, 33.02676559913699, 33.092235331970144, 32.94979811888813, 33.05689857395328, 33.20489590730426, 33.17292302213026, 33.04321649161078, 33.051704186606415, 32.871609035797746, 33.140764884002714, 33.10834048045651, 33.032956207711365, 33.30531541882719, 33.0915874774092, 32.95275840874891, 33.01273265861849, 33.08852706697195, 33.05767754960371, 33.08490639141202, 33.173105969467414, 33.00235093602868, 33.06165227721429, 33.029584308346536, 33.071659767132786, 33.04393282147473, 33.134497880442325, 32.98199464347273, 32.93615105526539, 33.1518792151015, 32.987752601923006, 33.096391288220026, 33.093567896312756, 33.09330411729927, 33.00557983621165, 33.151933842455335, 33.12338154069383, 33.089941045371646, 33.05375564613392, 33.12299862156717]}, "pedestrian": {"mean": 20.89901494350845, "std": 0.05532206712235386, "median": 20.901003790400758,