{"car_driver": {"mean": 28.08676782146689, "std": 0.062305707098616804}, "car_passenger": {"mean": 9.863335479277186, "std": 0.03503003393902033}, "public": {"mean": 32.840080275372735, "std": 0.06306955171505159}, "pedestrian": {"mean": 20.3494343278579, "std": 0.05675417007287669}, "bicycle": {"mean": 8.860382096025292, "std": 0.04282498015516726}}