{"car_driver": {"mean": 28.08676782146689, "std": 0.062305707098616804, "median": 28.080684496418215, "list": [28.02487713817669, 28.075209977093408, 27.973592584026974, 28.111644874282867, 28.070815261814825, 28.04705577794494, 28.06514800152128, 27.94624980422535, 28.17266016147386, 27.991406975202228, 28.20537837155686, 28.048980890031537, 28.05501774338137, 28.07853382618267, 28.066042727553643, 28.09368272585554, 28.019006941416478, 28.162043390011686, 28.061519280698942, 28.155059617910627, 28.05710199433218, 28.043290538052247, 28.194901054149785, 28.085026934248187, 27.945914075871297, 28.017480378571907, 28.051654025816404, 28.2311300016209, 27.97871651772686, 28.10660578057475, 28.086723323250624, 28.06372860128794, 28.061807095930867, 28.052132967927236, 28.116441592836715, 28.096982893548656, 28.055261375237333, 28.10182464944181, 28.048485079276425, 28.115141872294807, 28.17712853659727, 28.249416727108994, 28.0721265270432, 28.046289415912547, 28.1351740231085, 28.028317393428992, 28.09677050319475, 28.092262539511758, 28.10469315996334, 28.096438835330623, 28.101054363253418, 28.073390416179684, 28.137179312263154, 28.062104840580414, 27.984835092775235, 28.143242637633847, 28.13408808469658, 28.07403409012578, 28.21936456386013, 28.076110744765238, 28.00829325457216, 28.06364686256897, 28.18630777190646, 28.090639984913114, 28.110667007432877, 28.18477557808532, 28.050498925904964, 28.102259447238204, 28.05372230818423, 28.200952514238942, 28.08566179820277, 28.051643690349948, 28.11700767263427, 28.091945772085175, 28.09438318061266, 28.05142524452231, 28.20240408930565, 28.137289385361225, 28.0960132344286, 28.132351166340946, 28.062444519009013, 28.027677624602333, 28.036937148093273, 28.16072028745339, 27.981448295437694, 28.061763941693314, 28.148448440290064, 28.108446519524616, 28.078629194709144, 28.155070936772848, 28.103677843113523, 28.019222865761943, 28.148673639918897, 28.001375988992088, 28.08273979812729, 28.05684229052844, 28.02584065425073, 28.116605260084306, 27.98236407405564, 28.167665305689592]}, "car_passenger": {"mean": 9.863335479277186, "std": 0.03503003393902033, "median": 9.86132265343084, "list": [9.815929495726822, 9.904661915669806, 9.88771649901232, 9.864155505360609, 9.799701667544843, 9.883601880448701, 9.884812960104583, 9.871063871216258, 9.825131848401647, 9.89980108738894, 9.822665176327359, 9.815049431471811, 9.956026119106093, 9.897775079748998, 9.821643999136477, 9.849624060150376, 9.87955692905709, 9.855861511672545, 9.863249258679309, 9.858758920405473, 9.871229176046825, 9.810214992317167, 9.885040405540119, 9.943924995703675, 9.837139906131167, 9.830168495667541, 9.890099397504082, 9.835165941145373, 9.823341578878669, 9.899183910129414, 9.864365112051505, 9.84086889560221, 9.842018401879592, 9.899704301160833, 9.85970981988784, 9.841860030793947, 9.891773446171362, 9.819970039118536, 9.855261946998137, 9.83466416953914, 9.896424622971622, 9.838701284633986, 9.91262214223256, 9.842278048144468, 9.818623802409949, 9.848470424972447, 9.8413428130773, 9.861731397509233, 9.827674277091097, 9.83512261800152, 9.890366149289866, 9.829005538899334, 9.854924395060005, 9.801383567723532, 9.851353774620957, 9.860913909352444, 9.813462840361186, 9.936360715228783, 9.890501908594922, 9.83378515991263, 9.899621925159211, 9.881616581102133, 9.84062629878116, 9.815270387957613, 9.870696191725532, 9.892793663530684, 9.904186262839497, 9.872382483504317, 9.949062648805894, 9.842046336467385, 9.84195326189906, 9.924496288441146, 9.87216510560458, 9.851878831383551, 9.880414461398484, 9.846006356572541, 9.848665578814666, 9.824516052479913, 9.876934660311031, 9.845454795686539, 9.877421519616378, 9.879957582184517, 9.95695191107425, 9.850304131029212, 9.87955584363866, 9.799511106162077, 9.873311606452017, 9.904817487266554, 9.863742191575172, 9.851781350700668, 9.873412882962661, 9.853360506056665, 9.88990829579484, 9.912624699002407, 9.869415180352641, 9.87996874373788, 9.824053922416491, 9.904864038394155, 9.828332498419313, 9.8619226894321]}, "public": {"mean": 32.840080275372735, "std": 0.06306955171505159, "median": 32.839347404511216, "list": [32.89204668114341, 32.81422329685246, 32.86064072886675, 32.78210797569434, 32.86671621204716, 32.82382410950823, 32.84806391911376, 32.913105684449356, 32.81845379181474, 32.881686778941784, 32.791883448113495, 32.88504863632749, 32.79921069801242, 32.89790539030129, 32.80876308515457, 32.87782220006999, 32.8353506195079, 32.73074141394004, 32.80204908778064, 32.84756955422906, 32.919140821569506, 32.84929372970822, 32.68797590514773, 32.866041630863954, 32.89088861506355, 32.84631833838866, 32.75587510436791, 32.78798286717398, 32.99799326560737, 32.72775839754251, 32.88449912707076, 32.83745017897489, 32.81375458934742, 32.84124463004755, 32.77603799972603, 32.86908964731274, 32.92667542316911, 32.87121585068259, 32.89255026905009, 32.78973494149476, 32.80215851000847, 32.82161778714177, 32.87005594559949, 32.892855287803606, 32.902135625054925, 32.9391195080313, 32.81305611579072, 32.74496758948305, 32.856898604254035, 32.82244268133753, 32.82666234194356, 32.91876280976337, 32.861311444547745, 32.94632558011442, 32.91724981669901, 32.883766422024394, 32.79587492994395, 32.7927369982746, 32.73383198860136, 32.89244403668556, 32.817956699030155, 32.876506040067746, 32.70670234692406, 32.833580190408384, 32.81271043815677, 32.79357884117223, 32.825257533266154, 32.94300797264824, 32.846266344123535, 32.793568196372306, 32.93491457763445, 32.872958642629904, 32.82422384444708, 32.81485437955081, 32.888409099826404, 32.92416123254302, 32.71603563828603, 32.85577770620741, 32.80356735719702, 32.79538587602083, 32.77487778254425, 32.883351007423116, 32.837027083494625, 32.64141801291166, 32.93202933363836, 32.856211125781456, 32.91146207657191, 32.82756791171477, 32.82517610038889, 32.80047195687027, 32.83184788310069, 32.86116489634397, 32.75413771748997, 32.92625228228944, 32.950860378447665, 32.755035937279665, 32.84974071271903, 32.819677004916066, 32.87608993347871, 32.77119677607509]}, "pedestrian": {"mean": 20.3494343278579, "std": 0.05675417007287669, "median": 20.350731691661387,