{
    "16-19_K": {
        "dom": {
            "inne": 0.19565217391304346,
            "praca": 0.06521739130434782,
            "szkola": 0.6086956521739131,
            "uczelnia": 0.13043478260869565
        },
        "inne": {
            "inne": 0.6,
            "praca": 0.1,
            "szkola": 0.2,
            "uczelnia": 0.1
        },
        "praca": {
            "inne": 0.25,
            "praca": 0.25,
            "szkola": 0.25,
            "uczelnia": 0.25
        },
        "szkola": {
            "inne": 0.49999999999999994,
            "praca": 0.16666666666666666,
            "szkola": 0.16666666666666666,
            "uczelnia": 0.16666666666666666
        },
        "uczelnia": {
            "inne": 0.25,
            "praca": 0.25,
            "szkola": 0.25,
            "uczelnia": 0.25
        }
    },
    "16-19_M": {
        "dom": {
            "inne": 0.1679389312977099,
            "praca": 0.038167938931297704,
            "szkola": 0.7022900763358778,
            "uczelnia": 0.09160305343511449
        },
        "inne": {
            "inne": 0.625,
            "praca": 0.12500000000000003,
            "szkola": 0.12500000000000003,
            "uczelnia": 0.12500000000000003
        },
        "praca": {
            "inne": 0.25,
            "praca": 0.25,
            "szkola": 0.25,
            "uczelnia": 0.25
        },
        "szkola": {
            "inne": 0.7,
            "praca": 0.09999999999999999,
            "szkola": 0.09999999999999999,
            "uczelnia": 0.09999999999999999
        },
        "uczelnia": {
            "inne": 0.25,
            "praca": 0.25,
            "szkola": 0.25,
            "uczelnia": 0.25
        }
    },
    "20-24_K": {
        "dom": {
            "inne": 0.2907801418439716,
            "praca": 0.1879432624113475,
            "szkola": 0.0425531914893617,
            "uczelnia": 0.4787234042553191
        },
        "inne": {
            "inne": 0.8125000000000001,
            "praca": 0.03125000000000001,
            "szkola": 0.03125000000000001,
            "uczelnia": 0.12500000000000003
        },
        "praca": {
            "inne": 0.6249999999999999,
            "praca": 0.12499999999999997,
            "szkola": 0.12499999999999997,
            "uczelnia": 0.12499999999999997
        },
        "szkola": {
            "inne": 0.25,
            "praca": 0.25,
            "szkola": 0.25,
            "uczelnia": 0.25
        },
        "uczelnia": {
            "inne": 0.8529411764705882,
            "praca": 0.08823529411764705,
            "szkola": 0.02941176470588235,
            "uczelnia": 0.02941176470588235
        }
    },
    "20-24_M": {
        "dom": {
            "inne": 0.2867924528301887,
            "praca": 0.19245283018867926,
            "szkola": 0.030188679245283023,
            "uczelnia": 0.4905660377358491
        },
        "inne": {
            "inne": 0.7500000000000001,
            "praca": 0.125,
            "szkola": 0.041666666666666664,
            "uczelnia": 0.08333333333333333
        },
        "praca": {
            "inne": 0.49999999999999994,
            "praca": 0.16666666666666666,
            "szkola": 0.16666666666666666,
            "uczelnia": 0.16666666666666666
        },
        "szkola": {
            "inne": 0.25,
            "praca": 0.25,
            "szkola": 0.25,
            "uczelnia": 0.25
        },
        "uczelnia": {
            "inne": 0.8421052631578946,
            "praca": 0.05263157894736841,
            "szkola": 0.05263157894736841,
            "uczelnia": 0.05263157894736841
        }
    },
    "25-44_K": {
        "dom": {
            "inne": 0.32976653696498054,
            "praca": 0.5836575875486382,
            "szkola": 0.0632295719844358,
            "uczelnia": 0.023346303501945526
        },
        "inne": {
            "inne": 0.64,
            "praca": 0.30000000000000004,
            "szkola": 0.04,
            "uczelnia": 0.02
        },
        "praca": {
            "inne": 0.728395061728395,
            "praca": 0.09876543209876544,
            "szkola": 0.16049382716049382,
            "uczelnia": 0.01234567901234568
        },
        "szkola": {
            "inne": 0.2222222222222222,
            "praca": 0.7037037037037037,
            "szkola": 0.037037037037037035,
            "uczelnia": 0.037037037037037035
        },
        "uczelnia": {
            "inne": 0.625,
            "praca": 0.125,
            "szkola": 0.125,
            "uczelnia": 0.125
        }
    },
    "25-44_M": {
        "dom": {
            "inne": 0.21707060063224445,
            "praca": 0.7365648050579557,
            "szkola": 0.018967334035827187,
            "uczelnia": 0.0273972602739726
        },
        "inne": {
            "inne": 0.7272727272727272,
            "praca": 0.2121212121212121,
            "szkola": 0.0303030303030303,
            "uczelnia": 0.0303030303030303
        },
        "praca": {
            "inne": 0.759493670886076,
            "praca": 0.189873417721519,
            "szkola": 0.037974683544303806,
            "uczelnia": 0.012658227848101267
        },
        "szkola": {
            "inne": 0.14285714285714288,
            "praca": 0.7142857142857143,
            "szkola": 0.07142857142857144,
            "uczelnia": 0.07142857142857144
        },
        "uczelnia": {
            "inne": 0.25,
            "praca": 0.25,
            "szkola": 0.25,
            "uczelnia": 0.25
        }
    },
    "45-60_K": {
        "dom": {
            "inne": 0.42278860569715143,
            "praca": 0.5562218890554722,
            "szkola": 0.019490254872563718,
            "uczelnia": 0.0014992503748125939
        },
        "inne": {
            "inne": 0.8510638297872342,
            "praca": 0.10638297872340427,
            "szkola": 0.021276595744680854,
            "uczelnia": 0.021276595744680854
        },
        "praca": {
            "inne": 0.813953488372093,
            "praca": 0.13953488372093023,
            "szkola": 0.023255813953488372,
            "uczelnia": 0.023255813953488372
        },
        "szkola": {
            "inne": 0.25,
            "praca": 0.5,
            "szkola": 0.125,
            "uczelnia": 0.125
        },
        "uczelnia": {
            "inne": 0.25,
            "praca": 0.25,
            "szkola": 0.25,
            "uczelnia": 0.25
        }
    },
    "45-65_M": {
        "dom": {
            "inne": 0.3385826771653544,
            "praca": 0.6482939632545932,
            "szkola": 0.011811023622047246,
            "uczelnia": 0.0013123359580052495
        },
        "inne": {
            "inne": 0.7317073170731708,
            "praca": 0.21951219512195125,
            "szkola": 0.02439024390243903,
            "uczelnia": 0.02439024390243903
        },
        "praca": {
            "inne": 0.7999999999999999,
            "praca": 0.15555555555555553,
            "szkola": 0.022222222222222216,
            "uczelnia": 0.022222222222222216
        },
        "szkola": {
            "inne": 0.12499999999999999,
            "praca": 0.625,
            "szkola": 0.12499999999999999,
            "uczelnia": 0.12499999999999999
        },
        "uczelnia": {
            "inne": 0.25,
            "praca": 0.25,
            "szkola": 0.25,
            "uczelnia": 0.25
        }
    },
    "6-15_K": {
        "dom": {
            "inne": 0.14860681114551083,
            "praca": 0.003095975232198142,
            "szkola": 0.8452012383900929,
            "uczelnia": 0.003095975232198142
        },
        "inne": {
            "inne": 0.4444444444444444,
            "praca": 0.1111111111111111,
            "szkola": 0.3333333333333333,
            "uczelnia": 0.1111111111111111
        },
        "praca": {
            "inne": 0.25,
            "praca": 0.25,
            "szkola": 0.25,
            "uczelnia": 0.25
        },
        "szkola": {
            "inne": 0.5999999999999999,