{"16-19_K": {"1": 0.21359223300970873, "2": 0.6699029126213593, "3": 0.038834951456310676, "4": 0.05825242718446602, "5": 0.009708737864077669, "6": 0.009708737864077669}, "16-19_M": {"1": 0.1037037037037037, "2": 0.7703703703703704, "3": 0.05925925925925926, "4": 0.044444444444444446, "5": 0.007407407407407408, "6": 0.014814814814814815}, "20-24_K": {"1": 0.1678082191780822, "2": 0.636986301369863, "3": 0.10273972602739725, "4": 0.07876712328767123, "5": 0.003424657534246575, "6": 0.010273972602739725}, "20-24_M": {"1": 0.21649484536082475, "2": 0.6151202749140894, "3": 0.06872852233676977, "4": 0.07903780068728522, "5": 0.006872852233676976, "6": 0.013745704467353952}, "25-44_K": {"1": 0.19072164948453607, "2": 0.6572164948453608, "3": 0.07216494845360824, "4": 0.06529209621993128, "5": 0.006872852233676976, "6": 0.007731958762886598}, "25-44_M": {"1": 0.1801470588235294, "2": 0.7022058823529411, "3": 0.06433823529411764, "4": 0.042279411764705885, "5": 0.007352941176470588, "6": 0.003676470588235294}, "45-60_K": {"1": 0.2236024844720497, "2": 0.6608695652173913, "3": 0.06086956521739131, "4": 0.043478260869565216, "5": 0.009937888198757764, "6": 0.0012422360248447205}, "45-65_M": {"1": 0.21776814734561215, "2": 0.6912242686890574, "3": 0.044420368364030335, "4": 0.04225352112676056, "5": 0.0032502708559046588, "6": 0.0010834236186348862}, "6-15_K": {"1": 0.17819148936170212, "2": 0.7287234042553191, "3": 0.026595744680851064, "4": 0.061170212765957445, "5": 0.0026595744680851063, "6": 0.0026595744680851063}, "6-15_M": {"1": 0.14776632302405499, "2": 0.7731958762886598, "3": 0.03436426116838488, "4": 0.037800687285223365, "5": 0.003436426116838488, "6": 0.003436426116838488}, "61-x_K": {"1": 0.352991452991453, "2": 0.5914529914529915, "3": 0.019658119658119658, "4": 0.03076923076923077, "5": 0.004273504273504274, "6": 0.0008547008547008547}, "66-x_M": {"1": 0.4006024096385542, "2": 0.5421686746987951, "3": 0.025602409638554216, "4": 0.02710843373493976, "5": 0.0030120481927710845, "6": 0.0015060240963855422}}