{"16-19_K": {"0": 0.17543859649122806, "1": 0.5087719298245614, "2": 0.24561403508771928, "3": 0.03508771929824561, "4": 0.017543859649122806, "5": 0.005847953216374269, "6": 0.005847953216374269, "7": 0.005847953216374269}, "16-19_M": {"0": 0.19291338582677164, "1": 0.421259842519685, "2": 0.35039370078740156, "3": 0.007874015748031496, "4": 0.015748031496062992, "5": 0.003937007874015748, "6": 0.003937007874015748, "7": 0.003937007874015748}, "20-24_K": {"0": 0.43853211009174314, "1": 0.3229357798165138, "2": 0.1889908256880734, "3": 0.022018348623853212, "4": 0.011009174311926606, "5": 0.009174311926605505, "6": 0.001834862385321101, "7": 0.005504587155963303}, "20-24_M": {"0": 0.4887063655030801, "1": 0.3490759753593429, "2": 0.13141683778234087, "3": 0.02053388090349076, "4": 0.004106776180698152, "5": 0.002053388090349076, "6": 0.002053388090349076, "7": 0.002053388090349076}, "25-44_K": {"0": 0.20278907611853572, "1": 0.4927367809413132, "2": 0.2608948285880302, "3": 0.024985473561882625, "4": 0.012783265543288786, "5": 0.0017431725740848344, "6": 0.0005810575246949448, "7": 0.003486345148169669}, "25-44_M": {"0": 0.16084873374401096, "1": 0.5195071868583162, "2": 0.2676249144421629, "3": 0.03353867214236824, "4": 0.01574264202600958, "5": 0.0006844626967830253, "6": 0.0006844626967830253, "7": 0.0013689253935660506}, "45-60_K": {"0": 0.24606462303231152, "1": 0.4888152444076222, "2": 0.21789560894780446, "3": 0.03231151615575808, "4": 0.0115990057995029, "5": 0.0008285004142502071, "6": 0.0016570008285004142, "7": 0.0008285004142502071}, "45-65_M": {"0": 0.16680637049455155, "1": 0.5641240569991618, "2": 0.21709974853310982, "3": 0.03269069572506287, "4": 0.01592623637887678, "5": 0.0016764459346186086, "6": 0.0008382229673093043, "7": 0.0008382229673093043}, "6-15_K": {"0": 0.08839779005524862, "1": 0.578268876611418, "2": 0.3001841620626151, "3": 0.011049723756906077, "4": 0.014732965009208104, "5": 0.001841620626151013, "6": 0.001841620626151013, "7": 0.003683241252302026}, "6-15_M": {"0": 0.1360381861575179, "1": 0.47255369928400953, "2": 0.33651551312649164, "3": 0.026252983293556086, "4": 0.016706443914081145, "5": 0.002386634844868735, "6": 0.00477326968973747, "7": 0.00477326968973747}, "61-x_K": {"0": 0.5202312138728323, "1": 0.37210982658959535, "2": 0.08815028901734104, "3": 0.011560693641618497, "4": 0.005780346820809248, "5": 0.000722543352601156, "6": 0.000722543352601156, "7": 0.000722543352601156}, "66-x_M": {"0": 0.4215686274509804, "1": 0.47619047619047616, "2": 0.07983193277310924, "3": 0.011204481792717087, "4": 0.0056022408963585435, "5": 0.0014005602240896359, "6": 0.0028011204481792717, "7": 0.0014005602240896359}}