{"16-19_K": {"1": 0.10526315789473684, "2": 0.05847953216374269, "3": 0.3391812865497076, "4": 0.38596491228070173, "5": 0.05847953216374269, "6": 0.023391812865497075, "7": 0.011695906432748537, "8": 0.005847953216374269, "9": 0.005847953216374269, "10": 0.005847953216374269}, "16-19_M": {"1": 0.07905138339920949, "2": 0.07509881422924901, "3": 0.3675889328063241, "4": 0.32806324110671936, "5": 0.07509881422924901, "6": 0.05533596837944664, "7": 0.007905138339920948, "8": 0.003952569169960474, "9": 0.003952569169960474, "10": 0.003952569169960474}, "20-24_K": {"1": 0.2449725776965265, "2": 0.24680073126142596, "3": 0.25594149908592323, "4": 0.15356489945155394, "5": 0.038391224862888484, "6": 0.021937842778793418, "7": 0.03290676416819013, "8": 0.0018281535648994515, "9": 0.0018281535648994515, "10": 0.0018281535648994515}, "20-24_M": {"1": 0.3094262295081967, "2": 0.2459016393442623, "3": 0.22540983606557377, "4": 0.15778688524590165, "5": 0.022540983606557378, "6": 0.030737704918032786, "7": 0.0020491803278688526, "8": 0.0020491803278688526, "9": 0.0020491803278688526, "10": 0.0020491803278688526}, "25-44_K": {"1": 0.08130081300813008, "2": 0.24796747967479674, "3": 0.3252032520325203, "4": 0.24041811846689895, "5": 0.06387921022067364, "6": 0.029036004645760744, "7": 0.008710801393728223, "8": 0.0023228803716608595, "9": 0.0005807200929152149, "10": 0.0005807200929152149}, "25-44_M": {"1": 0.10753424657534247, "2": 0.26986301369863014, "3": 0.30547945205479454, "4": 0.21986301369863015, "5": 0.06506849315068493, "6": 0.0136986301369863, "7": 0.012328767123287671, "8": 0.00410958904109589, "9": 0.0013698630136986301, "10": 0.0006849315068493151}, "45-60_K": {"1": 0.08132780082987552, "2": 0.3095435684647303, "3": 0.3062240663900415, "4": 0.21161825726141079, "5": 0.044813278008298756, "6": 0.024896265560165973, "7": 0.011618257261410789, "8": 0.004979253112033195, "9": 0.0016597510373443983, "10": 0.0033195020746887966}, "45-65_M": {"1": 0.08466051969823973, "2": 0.316848281642917, "3": 0.3302598491198659, "4": 0.19027661357921208, "5": 0.037720033528918694, "6": 0.03101424979044426, "7": 0.005029337803855826, "8": 0.002514668901927913, "9": 0.0008382229673093043, "10": 0.0008382229673093043}, "6-15_K": {"1": 0.001841620626151013, "2": 0.04419889502762431, "3": 0.2983425414364641, "4": 0.4198895027624309, "5": 0.1289134438305709, "6": 0.07550644567219153, "7": 0.014732965009208104, "8": 0.007366482504604052, "9": 0.001841620626151013, "10": 0.007366482504604052}, "6-15_M": {"1": 0.002380952380952381, "2": 0.05714285714285714, "3": 0.2642857142857143, "4": 0.4095238095238095, "5": 0.14761904761904762, "6": 0.07857142857142857, "7": 0.023809523809523808, "8": 0.002380952380952381, "9": 0.004761904761904762, "10": 0.009523809523809525}, "61-x_K": {"1": 0.2646420824295011, "2": 0.4699927693420101, "3": 0.13521330441070137, "4": 0.07953723788864786, "5": 0.028199566160520606, "6": 0.012292118582791034, "7": 0.005784526391901663, "8": 0.0028922631959508315, "9": 0.0007230657989877079, "10": 0.0007230657989877079}, "66-x_M": {"1": 0.18092566619915848, "2": 0.5862552594670407, "3": 0.1388499298737728, "4": 0.047685834502103785, "5": 0.016830294530154277, "6": 0.016830294530154277, "7": 0.002805049088359046, "8": 0.005610098176718092, "9": 0.002805049088359046, "10": 0.001402524544179523}}