{"0-5": 6.7572, "6-15_K": 4.4113, "6-15_M": 4.4113, "16-19_K": 1.38275, "16-19_M": 1.38275, "20-24_K": 1.9774, "20-24_M": 1.9774, "25-44_K": 15.9514, "25-44_M": 15.9514, "45-60_K": 9.85887, "45-65_M": 12.04973, "61-x_K": 15.288704000000001, "66-x_M": 8.599896}