{
    "16-19_K": {
        "1": 0.047619047619047616,
        "2": 0.07738095238095238,
        "3": 0.08333333333333333,
        "4": 0.08333333333333333,
        "5": 0.1130952380952381,
        "6": 0.09523809523809523,
        "7": 0.047619047619047616,
        "8": 0.09523809523809523,
        "9": 0.08333333333333333,
        "10": 0.047619047619047616,
        "11": 0.011904761904761904,
        "12": 0.05357142857142857,
        "13": 0.07142857142857142,
        "14": 0.011904761904761904,
        "15": 0.017857142857142856,
        "16": 0.0,
        "17": 0.017857142857142856,
        "18": 0.005952380952380952,
        "19": 0.0,
        "20": 0.023809523809523808,
        "21": 0.0,
        "22": 0.0,
        "23": 0.011904761904761904,
        "24": 0.0,
        "25": 0.0,
        "26": 0.0,
        "27": 0.0,
        "28": 0.0,
        "29": 0.0,
        "30": 0.0,
        "31": 0.0,
        "32": 0.0,
        "33": 0.0
    },
    "16-19_M": {
        "1": 0.04780876494023904,
        "2": 0.16733067729083664,
        "3": 0.06772908366533864,
        "4": 0.09163346613545817,
        "5": 0.0796812749003984,
        "6": 0.09163346613545817,
        "7": 0.05179282868525897,
        "8": 0.06374501992031872,
        "9": 0.05976095617529881,
        "10": 0.04780876494023904,
        "11": 0.0398406374501992,
        "12": 0.027888446215139442,
        "13": 0.0398406374501992,
        "14": 0.01593625498007968,
        "15": 0.0,
        "16": 0.03187250996015936,
        "17": 0.01593625498007968,
        "18": 0.0,
        "19": 0.01195219123505976,
        "20": 0.0,
        "21": 0.01593625498007968,
        "22": 0.00398406374501992,
        "23": 0.01593625498007968,
        "24": 0.0,
        "25": 0.01195219123505976,
        "26": 0.0,
        "27": 0.0,
        "28": 0.0,
        "29": 0.0,
        "30": 0.0,
        "31": 0.0,
        "32": 0.0,
        "33": 0.0
    },
    "20-24_K": {
        "1": 0.027522935779816515,
        "2": 0.06788990825688074,
        "3": 0.08440366972477065,
        "4": 0.07706422018348624,
        "5": 0.10458715596330276,
        "6": 0.060550458715596334,
        "7": 0.09174311926605505,
        "8": 0.05871559633027523,
        "9": 0.047706422018348627,
        "10": 0.05504587155963303,
        "11": 0.05688073394495413,
        "12": 0.03486238532110092,
        "13": 0.05137614678899083,
        "14": 0.047706422018348627,
        "15": 0.022018348623853212,
        "16": 0.02018348623853211,
        "17": 0.02018348623853211,
        "18": 0.02018348623853211,
        "19": 0.005504587155963303,
        "20": 0.014678899082568808,
        "21": 0.003669724770642202,
        "22": 0.003669724770642202,
        "23": 0.012844036697247707,
        "24": 0.005504587155963303,
        "25": 0.003669724770642202,
        "26": 0.001834862385321101,
        "27": 0.0,
        "28": 0.0,
        "29": 0.0,
        "30": 0.0,
        "31": 0.0,
        "32": 0.0,
        "33": 0.0
    },
    "20-24_M": {
        "1": 0.03285420944558522,
        "2": 0.055441478439425054,
        "3": 0.08008213552361396,
        "4": 0.10677618069815195,
        "5": 0.09856262833675565,
        "6": 0.09240246406570841,
        "7": 0.06365503080082136,
        "8": 0.07802874743326489,
        "9": 0.053388090349075976,
        "10": 0.043121149897330596,
        "11": 0.043121149897330596,
        "12": 0.057494866529774126,
        "13": 0.04722792607802875,
        "14": 0.04722792607802875,
        "15": 0.012320328542094456,
        "16": 0.018480492813141684,
        "17": 0.012320328542094456,
        "18": 0.01642710472279261,
        "19": 0.006160164271047228,
        "20": 0.004106776180698152,
        "21": 0.004106776180698152,
        "22": 0.008213552361396304,
        "23": 0.002053388090349076,
        "24": 0.004106776180698152,
        "25": 0.0,
        "26": 0.008213552361396304,
        "27": 0.0,
        "28": 0.004106776180698152,
        "29": 0.0,
        "30": 0.0,
        "31": 0.0,
        "32": 0.0,
        "33": 0.0
    },
    "25-44_K": {
        "1": 0.07010428736964079,
        "2": 0.13267670915411356,
        "3": 0.10139049826187717,
        "4": 0.06025492468134415,
        "5": 0.06257242178447277,
        "6": 0.06778679026651217,
        "7": 0.044611819235225954,
        "8": 0.06025492468134415,
        "9": 0.05735805330243337,
        "10": 0.05098493626882966,
        "11": 0.05619930475086906,
        "12": 0.03360370799536501,
        "13": 0.044611819235225954,
        "14": 0.027809965237543453,
        "15": 0.016222479721900347,
        "16": 0.02607184241019699,
        "17": 0.0220162224797219,
        "18": 0.01853997682502897,
        "19": 0.009269988412514484,
        "20": 0.007531865585168019,
        "21": 0.006952491309385863,
        "22": 0.009269988412514484,
        "23": 0.005214368482039398,
        "24": 0.002317497103128621,
        "25": 0.004634994206257242,
        "26": 0.0011587485515643105,
        "27": 0.0,
        "28": 0.0005793742757821553,
        "29": 0.0,
        "30": 0.0,
        "31": 0.0,
        "32": 0.0,
        "33": 0.0
    },
    "25-44_M": {
        "1": 0.04032809295967191,
        "2": 0.0710868079289132,
        "3": 0.053998632946001365,
        "4": 0.06971975393028025,
        "5": 0.06766917293233082,
        "6": 0.063568010936432,
        "7": 0.06220095693779904,
        "8": 0.07518796992481203,
        "9": 0.07723855092276145,
        "10": 0.05331510594668489,
        "11": 0.04237867395762133,
        "12": 0.03896103896103896,
        "13": 0.056049213943950786,
        "14": 0.03691045796308954,
        "15": 0.04101161995898838,
        "16": 0.023923444976076555,
        "17": 0.02050580997949419,
        "18": 0.008202323991797676,
        "19": 0.015037593984962405,
        "20": 0.017088174982911826,
        "21": 0.019138755980861243,
        "22": 0.012987012987012988,
        "23": 0.005468215994531784,
        "24": 0.007518796992481203,
        "25": 0.002734107997265892,
        "26": 0.00888585099111415,
        "27": 0.004101161995898838,
        "28": 0.0,
        "29": 0.004101161995898838,
        "30": 0.0,
        "31": 0.0,
        "32": 0.0,
        "33": 0.000683526999316473
    },
    "45-60_K": {
        "1": 0.07131011608623548,
        "2": 0.15754560530679934,
        "3": 0.08706467661691543,
        "4": 0.07296849087893864,
        "5": 0.0472636815920398,
        "6": 0.06135986733001658,
        "7": 0.07711442786069651,
        "8": 0.04809286898839138,
        "9": 0.05721393034825871,
        "10": 0.05223880597014925,
        "11": 0.03648424543946932,
        "12": 0.03316749585406302,
        "13": 0.03814262023217247,
        "14": 0.03067993366500829,
        "15": 0.01658374792703151,
        "16": 0.022388059701492536,
        "17": 0.014925373134328358,
        "18": 0.02321724709784411,
        "19": 0.01077943615257048,
        "20": 0.0041459369817578775,
        "21": 0.00912106135986733,
        "22": 0.006633499170812604,
        "23": 0.006633499170812604,
        "24": 0.001658374792703151,
        "25": 0.006633499170812604,
        "26": 0.003316749585406302,
        "27": 0.001658374792703151,
        "28": 0.0,
        "29": 0.0,
        "30": 0.0,
        "31": 0.0,
        "32": 0.001658374792703151,
        "33": 0.0
    },
    "45-65_M": {
        "1": 0.06015037593984962,
        "2": 0.0860484544695071,
        "3": 0.06683375104427736,
        "4": 0.05764411027568922,
        "5": 0.07936507936507936,
        "6": 0.05430242272347535,
        "7": 0.061821219715956555,
        "8": 0.07936507936507936,
        "9": 0.05764411027568922,
        "10": 0.04177109440267335,
        "11": 0.05012531328320802,
        "12": 0.05179615705931495,
        "13": 0.03759398496240601,
        "14": 0.03592314118629908,
        "15": 0.029239766081871343,
        "16": 0.023391812865497075,
        "17": 0.02172096908939014,