{"16-19_K": {"True": 0.8504672897196262, "False": 0.14953271028037385}, "16-19_M": {"True": 0.926829268292683, "False": 0.07317073170731703}, "20-24_K": {"True": 0.855072463768116, "False": 0.14492753623188404}, "20-24_M": {"True": 0.8415213946117274, "False": 0.15847860538827263}, "25-44_K": {"True": 0.8298048982980489, "False": 0.17019510170195107}, "25-44_M": {"True": 0.8319634703196347, "False": 0.1680365296803653}, "45-60_K": {"True": 0.8408370323398858, "False": 0.15916296766011417}, "45-65_M": {"True": 0.8246205733558178, "False": 0.17537942664418216}, "6-15_K": {"True": 0.8276797829036635, "False": 0.1723202170963365}, "6-15_M": {"True": 0.8307155322862129, "False": 0.16928446771378713}, "61-x_K": {"True": 0.7518427518427518, "False": 0.24815724815724816}, "66-x_M": {"True": 0.7229669347631814, "False": 0.2770330652368186}}