{"6-15_K": {"modal_split": {"car_driver": {"mean": 0, "std": 0.0}, "car_passenger": {"mean": 13523.9, "std": 155.90404326723123}, "public": {"mean": 10626.46, "std": 173.8849857889642}, "pedestrian": {"mean": 18575.74, "std": 177.4708751180078}, "bicycle": {"mean": 4434.32, "std": 105.13386176151282}}, "dest_place_type": {"dom": {"mean": 23939.9, "std": 171.72337986401033}, "inne": {"mean": 3506.34, "std": 55.02124842074903}, "praca": {"mean": 98.34, "std": 11.830639898333498}, "szkola": {"mean": 19517.78, "std": 158.0418420494517}, "uczelnia": {"mean": 98.06, "std": 9.30169963832504}}, "travels_num": {"mean": 47160.42, "std": 338.1030618081422}, "pub_trans_comfort": {"mean": 2.8929973751685933, "std": 0.0052049418199883015}, "pub_trans_punctuality": {"mean": 2.7922801564060595, "std": 0.0053738348460318375}, "bicycle_infrastr_comfort": {"mean": 2.656792485161817, "std": 0.005111739158454513}, "pedestrian_inconvenience": {"mean": 1.5295080875502867, "std": 0.005734475349805907}, "household_persons": {"mean": 2.9047458468437233, "std": 0.007283441067741207}, "household_cars": {"mean": 1.048758418512404, "std": 0.00566160013405089}, "household_bicycles": {"mean": 1.535635071171852, "std": 0.008238172999689984}}, "6-15_M": {"modal_split": {"car_driver": {"mean": 0, "std": 0.0}, "car_passenger": {"mean": 12590.54, "std": 153.7189761752388}, "public": {"mean": 11858.9, "std": 152.41394326310865}, "pedestrian": {"mean": 18962.6, "std": 185.6333956370932}, "bicycle": {"mean": 4966.16, "std": 110.62829930022701}}, "dest_place_type": {"dom": {"mean": 24658.37, "std": 140.619240533011}, "inne": {"mean": 3711.24, "std": 50.76627370070159}, "praca": {"mean": 206.95, "std": 13.444517488740551}, "szkola": {"mean": 19685.91, "std": 133.97294276808057}, "uczelnia": {"mean": 115.73, "std": 11.132675538542594}}, "travels_num": {"mean": 48378.2, "std": 279.1404917625068}, "pub_trans_comfort": {"mean": 2.893387794552575, "std": 0.004742101372201642}, "pub_trans_punctuality": {"mean": 2.7918113564006246, "std": 0.005337445426556038}, "bicycle_infrastr_comfort": {"mean": 2.6571449097491033, "std": 0.00554357562820874}, "pedestrian_inconvenience": {"mean": 1.528207279530932, "std": 0.006182138657895192}, "household_persons": {"mean": 2.9046546194664424, "std": 0.007589031285956961}, "household_cars": {"mean": 1.0489640375285891, "std": 0.005240177178911096}, "household_bicycles": {"mean": 1.5353624268544597, "std": 0.0073912342976259}}, "16-19_K": {"modal_split": {"car_driver": {"mean": 412.95, "std": 21.21861913461378}, "car_passenger": {"mean": 2894.76, "std": 71.68901976980544}, "public": {"mean": 6923.99, "std": 151.74110693992426}, "pedestrian": {"mean": 2808.93, "std": 84.68172796126123}, "bicycle": {"mean": 1803.77, "std": 65.10331416411545}}, "dest_place_type": {"dom": {"mean": 7563.46, "std": 111.51893620059838}, "inne": {"mean": 1496.27, "std": 43.819154291568466}, "praca": {"mean": 497.51, "std": 23.632923020757513}, "szkola": {"mean": 4325.91, "std": 76.09100014476287}, "uczelnia": {"mean": 961.25, "std": 31.830477422264543}}, "travels_num": {"mean": 14844.4, "std": 209.33149970244986}, "pub_trans_comfort": {"mean": 2.8928466615961836, "std": 0.00878455221722673}, "pub_trans_punctuality": {"mean": 2.792130013134311, "std": 0.009637151280824888}, "bicycle_infrastr_comfort": {"mean": 2.6574968824185454, "std": 0.010784479691928469}, "pedestrian_inconvenience": {"mean": 1.528507298630545, "std": 0.012395365714151613}, "household_persons": {"mean": 2.904193401224674, "std": 0.016223098059514187}, "household_cars": {"mean": 1.0493765416317764, "std": 0.008927314835458576}, "household_bicycles": {"mean": 1.5357800956857326, "std": 0.018121057542483544}}, "16-19_M": {"modal_split": {"car_driver": {"mean": 1196.76, "std": 40.71138127915295}, "car_passenger": {"mean": 2382.97, "std": 60.10419488208991}, "public": {"mean": 7591.14, "std": 150.4597009705975}, "pedestrian": {"mean": 3204.23, "std": 80.32382126509086}, "bicycle": {"mean": 2243.86, "std": 66.5286480405322}}, "dest_place_type": {"dom": {"mean": 8526.95, "std": 112.71940445821271}, "inne": {"mean": 1446.57, "std": 40.14022265443323}, "praca": {"mean": 334.86, "std": 21.63238313270177}, "szkola": {"mean": 5556.94, "std": 91.0073612296269}, "uczelnia": {"mean": 753.64, "std": 23.120029359318675}}, "travels_num": {"mean": 16618.96, "std": 232.80068728420886}, "pub_trans_comfort": {"mean": 2.8932685238829525, "std": 0.008830956475738849}, "pub_trans_punctuality": {"mean": 2.7917017239086825, "std": 0.008054882429972534}, "bicycle_infrastr_comfort": {"mean": 2.656559938439809, "std": 0.007813935007194697}, "pedestrian_inconvenience": {"mean": 1.5286167166857085, "std": 0.012630629558952186}, "household_persons": {"mean": 2.9074504881981826, "std": 0.012662912930555667}, "household_cars": {"mean": 1.0494577958058333, "std": 0.009105620359656806}, "household_bicycles": {"mean": 1.5381848553702087, "std": 0.014439125003140858}}, "20-24_K": {"modal_split": {"car_driver": {"mean": 3958.83, "std": 89.53945634425219}, "car_passenger": {"mean": 2103.01, "std": 59.670390098820825}, "public": {"mean": 10193.02, "std": 149.18377115409564}, "pedestrian": {"mean": 3925.37, "std": 102.9583278454311}, "bicycle": {"mean": 2592.36, "std": 73.75670077417311}}, "dest_place_type": {"dom": {"mean": 11715.92, "std": 128.4115605733724}, "inne": {"mean": 3502.6, "std": 61.22355128807241}, "praca": {"mean": 2004.47, "std": 47.880840097943654}, "szkola": {"mean": 483.04, "std": 26.17652583996786}, "uczelnia": {"mean": 5066.56, "std": 82.00077851318045}}, "travels_num": {"mean": 22772.59, "std": 242.036523456417}, "pub_trans_comfort": {"mean": 2.894526028632527, "std": 0.007714149629973652}, "pub_trans_punctuality": {"mean": 2.792274900292785, "std": 0.007573579384143448}, "bicycle_infrastr_comfort": {"mean": 2.6568719040111857, "std": 0.008418366839211577}, "pedestrian_inconvenience": {"mean": 1.530520359811989, "std": 0.010270307271725985}, "household_persons": {"mean": 2.9039737690378717, "std": 0.011930527296685233}, "household_cars": {"mean": 1.0479913981085274, "std": 0.007735090774441332}, "household_bicycles": {"mean": 1.5369688033220996, "std": 0.011991848565235252}}, "20-24_M": {"modal_split": {"car_driver": {"mean": 5025.76, "std": 107.64758438647114}, "car_passenger": {"mean": 575.62, "std": 25.030397681235673}, "public": {"mean": 9757.25, "std": 174.3518661566983}, "pedestrian": {"mean": 3750.28, "std": 90.52418394433543}, "bicycle": {"mean": 2644.37, "std": 67.57018872284141}}, "dest_place_type": {"dom": {"mean": 11154.68, "std": 140.33667166546817}, "inne": {"mean": 3227.69, "std": 60.71321807057215}, "praca": {"mean": 1995.71, "std": 46.13885389109528}, "szkola": {"mean": 349.68, "std": 19.134758684106522}, "uczelnia": {"mean": 5025.52, "std": 76.74560889619995}}, "travels_num": {"mean": 21753.28, "std": 259.39670021187254}, "pub_trans_comfort": {"mean": 2.894823512431948, "std": 0.006831964634306327}, "pub_trans_punctuality": {"mean": 2.7905113813492015, "std": 0.007061527333424603}, "bicycle_infrastr_comfort": {"mean": 2.658012008628618, "std": 0.007908269007524902}, "pedestrian_inconvenience": {"mean": 1.527204890381014, "std": 0.010424800403581303}, "household_persons": {"mean": 2.904444514675149, "std": 0.011602525742527748}, "household_cars": {"mean": 1.049553892672421, "std": 0.008734347505556421}, "household_bicycles": {"mean": 1.5373898625696283, "std": 0.013498279089097629}}, "25-44_K": {"modal_split": {"car_driver": {"mean": 63509, "std": 367.09470883210133}, "car_passenger": {"mean": 11014.9, "std": 108.25451678355229}, "public": {"mean": 58800.45, "std": 389.7233251962477}, "pedestrian": {"mean": 31022.59, "std": 235.35788759360764}, "bicycle": {"mean": 14724.69, "std": 163.36553145840426}}, "dest_place_type": {"dom": {"mean": 92220.16, "std": 341.01514288483975}, "inne": {"mean": 29347.44, "std": 171.2262558928119}, "praca": {"mean": 49889.56, "std": 221.25890132182573}, "szkola": {"mean": 5584.25,