{"6-15_K": {"modal_split": {"car_driver": {"mean": 0, "std": 0.0}, "car_passenger": {"mean": 13257.43, "std": 189.11838283803277}, "public": {"mean": 10793.94, "std": 169.22209541238277}, "pedestrian": {"mean": 18731.4, "std": 196.61745660653898}, "bicycle": {"mean": 4389.99, "std": 104.17075095023245}}, "dest_place_type": {"dom": {"mean": 23948.74, "std": 193.68226714405378}, "inne": {"mean": 3515.39, "std": 63.27890723621972}, "praca": {"mean": 95.69, "std": 8.606662911061782}, "szkola": {"mean": 19519.81, "std": 165.93619894770436}, "uczelnia": {"mean": 93.13, "std": 10.760623127914577}}, "travels_num": {"mean": 47172.76, "std": 381.3512159400962}, "pub_trans_comfort": {"mean": 2.636928074514503, "std": 0.0040644043287467735}, "pub_trans_punctuality": {"mean": 2.529260645189927, "std": 0.005075734325235322}, "bicycle_infrastr_comfort": {"mean": 2.6566345169733694, "std": 0.0050177502697405455}, "pedestrian_inconvenience": {"mean": 1.5280776663472382, "std": 0.00611245396752071}, "household_persons": {"mean": 2.9048384874287385, "std": 0.008296297872475015}, "household_cars": {"mean": 0.9392077091975068, "std": 0.004554202917385634}, "household_bicycles": {"mean": 1.5352633520079624, "std": 0.008396771020476784}}, "6-15_M": {"modal_split": {"car_driver": {"mean": 0, "std": 0.0}, "car_passenger": {"mean": 12158.31, "std": 141.91124662686858}, "public": {"mean": 12033.61, "std": 149.06394092753783}, "pedestrian": {"mean": 19366.72, "std": 190.75464594471862}, "bicycle": {"mean": 4809.49, "std": 88.31686467407336}}, "dest_place_type": {"dom": {"mean": 24646.98, "std": 138.56960326671557}, "inne": {"mean": 3721.67, "std": 75.41227494328236}, "praca": {"mean": 209.18, "std": 14.258352150953703}, "szkola": {"mean": 19676.72, "std": 124.06857667101576}, "uczelnia": {"mean": 113.58, "std": 10.520955519842532}}, "travels_num": {"mean": 48368.13, "std": 256.43664052950896}, "pub_trans_comfort": {"mean": 2.6368318713526273, "std": 0.004925847509374774}, "pub_trans_punctuality": {"mean": 2.529023583097879, "std": 0.005209374079670202}, "bicycle_infrastr_comfort": {"mean": 2.655733214432981, "std": 0.006169780450089636}, "pedestrian_inconvenience": {"mean": 1.5295205924554058, "std": 0.006815242489192537}, "household_persons": {"mean": 2.9034407024894806, "std": 0.0086103154466761}, "household_cars": {"mean": 0.9396629464497408, "std": 0.005343526842937332}, "household_bicycles": {"mean": 1.5365464924428784, "std": 0.010073058550798214}}, "16-19_K": {"modal_split": {"car_driver": {"mean": 418.69, "std": 20.51247218527097}, "car_passenger": {"mean": 2938.3, "std": 87.65514384463836}, "public": {"mean": 6835.29, "std": 126.24749582474973}, "pedestrian": {"mean": 2916.03, "std": 73.07965143968227}, "bicycle": {"mean": 1825.94, "std": 58.9054746988338}}, "dest_place_type": {"dom": {"mean": 7609.21, "std": 88.63035198468577}, "inne": {"mean": 1504.11, "std": 40.09732981865324}, "praca": {"mean": 505.48, "std": 20.32338554473639}, "szkola": {"mean": 4356.56, "std": 58.9910659217636}, "uczelnia": {"mean": 958.89, "std": 28.00284797925909}}, "travels_num": {"mean": 14934.25, "std": 168.34844666628052}, "pub_trans_comfort": {"mean": 2.6372280570933473, "std": 0.009519763238180639}, "pub_trans_punctuality": {"mean": 2.5295877846238572, "std": 0.008441171764910311}, "bicycle_infrastr_comfort": {"mean": 2.658999608487229, "std": 0.009789806205022943}, "pedestrian_inconvenience": {"mean": 1.5291581750770766, "std": 0.012631764131284423}, "household_persons": {"mean": 2.9027990889662902, "std": 0.016920463347489145}, "household_cars": {"mean": 0.9376532515904218, "std": 0.008747018879043842}, "household_bicycles": {"mean": 1.5348585290191559, "std": 0.015393134337041413}}, "16-19_M": {"modal_split": {"car_driver": {"mean": 1214.23, "std": 40.442715442008}, "car_passenger": {"mean": 2424.87, "std": 76.42024362931353}, "public": {"mean": 7505.62, "std": 123.97464550170218}, "pedestrian": {"mean": 3273.52, "std": 84.72873887837109}, "bicycle": {"mean": 2199.25, "std": 64.08759393962062}}, "dest_place_type": {"dom": {"mean": 8521.22, "std": 107.93653017146023}, "inne": {"mean": 1442.97, "std": 33.37163102959994}, "praca": {"mean": 324.82, "std": 19.345022589542225}, "szkola": {"mean": 5571.49, "std": 88.93051367571348}, "uczelnia": {"mean": 756.99, "std": 21.689030416411896}}, "travels_num": {"mean": 16617.49, "std": 209.0810337808494}, "pub_trans_comfort": {"mean": 2.6370993615666922, "std": 0.007162584102737729}, "pub_trans_punctuality": {"mean": 2.5289006530496385, "std": 0.009471374109830703}, "bicycle_infrastr_comfort": {"mean": 2.6586220346637597, "std": 0.008708680223386079}, "pedestrian_inconvenience": {"mean": 1.5273070779376272, "std": 0.011524526394227465}, "household_persons": {"mean": 2.9035381496484005, "std": 0.012317804173090597}, "household_cars": {"mean": 0.9389118560110649, "std": 0.00798332719414715}, "household_bicycles": {"mean": 1.5359227066067636, "std": 0.01392418714457452}}, "20-24_K": {"modal_split": {"car_driver": {"mean": 3789.49, "std": 81.67989936083393}, "car_passenger": {"mean": 2005.83, "std": 59.81622613548024}, "public": {"mean": 10257.96, "std": 155.8624050017492}, "pedestrian": {"mean": 3982.45, "std": 97.42631248095334}, "bicycle": {"mean": 2701.14, "std": 65.3172552881996}}, "dest_place_type": {"dom": {"mean": 11700.63, "std": 129.4880872801616}, "inne": {"mean": 3483.65, "std": 62.5567015521991}, "praca": {"mean": 2012.68, "std": 43.280592613430066}, "szkola": {"mean": 478.86, "std": 18.151450397011022}, "uczelnia": {"mean": 5061.05, "std": 69.90749659949267}}, "travels_num": {"mean": 22736.87, "std": 235.49413576519902}, "pub_trans_comfort": {"mean": 2.6374337380397375, "std": 0.006390934189142171}, "pub_trans_punctuality": {"mean": 2.5294692811120933, "std": 0.007335297933530173}, "bicycle_infrastr_comfort": {"mean": 2.6563345293130323, "std": 0.007247461314351706}, "pedestrian_inconvenience": {"mean": 1.5303672264195722, "std": 0.011156036060664487}, "household_persons": {"mean": 2.9021885268102516, "std": 0.011179018144994777}, "household_cars": {"mean": 0.9392688219381646, "std": 0.009089080794186606}, "household_bicycles": {"mean": 1.5380803287459361, "std": 0.013498768755205913}}, "20-24_M": {"modal_split": {"car_driver": {"mean": 4857.97, "std": 101.69854989381633}, "car_passenger": {"mean": 552.3, "std": 26.294562943773006}, "public": {"mean": 9721.95, "std": 122.92712590322887}, "pedestrian": {"mean": 3800.24, "std": 90.67882271450644}, "bicycle": {"mean": 2869.05, "std": 68.79927985881037}}, "dest_place_type": {"dom": {"mean": 11185, "std": 110.39177249389301}, "inne": {"mean": 3236.18, "std": 66.80627503340075}, "praca": {"mean": 2004.22, "std": 36.249856844022446}, "szkola": {"mean": 339.32, "std": 19.303990271548532}, "uczelnia": {"mean": 5036.79, "std": 60.15238141502787}}, "travels_num": {"mean": 21801.51, "std": 216.77836258457273}, "pub_trans_comfort": {"mean": 2.6366810125878937, "std": 0.006783694254132251}, "pub_trans_punctuality": {"mean": 2.52894565656792, "std": 0.0074306134303060095}, "bicycle_infrastr_comfort": {"mean": 2.6568413007846003, "std": 0.007950072110785227}, "pedestrian_inconvenience": {"mean": 1.5289368013341524, "std": 0.010440411531476363}, "household_persons": {"mean": 2.9038117321513073, "std": 0.01189108932786863}, "household_cars": {"mean": 0.9376293167764753, "std": 0.008644649747126611}, "household_bicycles": {"mean": 1.5396426582604497, "std": 0.01360480123093268}}, "25-44_K": {"modal_split": {"car_driver": {"mean": 62462.28, "std": 267.7891179961794}, "car_passenger": {"mean": 10825.95, "std": 98.2881123549691}, "public": {"mean": 57556.99, "std": 293.9807419996532}, "pedestrian": {"mean": 31013.29, "std": 223.36667751986334}, "bicycle": {"mean": 17069.75, "std": 172.99952560219887}}, "dest_place_type": {"dom": {"mean": 92156.63, "std": 258.48699848123573}, "inne": {"mean": 29370.99, "std": 126.82147597184307}, "praca": {"mean": 49806.66, "std": 211.24633617048735},