{"6-15_K": {"modal_split": {"car_driver": {"mean": 0, "std": 0.0}, "car_passenger": {"mean": 14128.7, "std": 167.54824422062484}, "public": {"mean": 10532.99, "std": 136.60149924491895}, "pedestrian": {"mean": 18346.36, "std": 217.71798643236073}, "bicycle": {"mean": 4282.29, "std": 91.13330174458011}}, "dest_place_type": {"dom": {"mean": 24016.13, "std": 185.84215388769084}, "inne": {"mean": 3536.15, "std": 75.81055268885657}, "praca": {"mean": 94.94, "std": 10.967187055904168}, "szkola": {"mean": 19545.49, "std": 161.08160269649892}, "uczelnia": {"mean": 97.63, "std": 9.537438192341131}}, "travels_num": {"mean": 47290.34, "std": 364.40773090514193}, "pub_trans_comfort": {"mean": 2.765947403913921, "std": 0.004960001729919457}, "pub_trans_punctuality": {"mean": 2.6618334245636186, "std": 0.0052686517028602865}, "bicycle_infrastr_comfort": {"mean": 2.6575097618684356, "std": 0.005459266674548227}, "pedestrian_inconvenience": {"mean": 1.529250220338121, "std": 0.0066343066466558985}, "household_persons": {"mean": 2.905587653889356, "std": 0.00802356384475729}, "household_cars": {"mean": 1.0485145157156321, "std": 0.005177770636543198}, "household_bicycles": {"mean": 1.5351261925860646, "std": 0.008837812711722346}}, "6-15_M": {"modal_split": {"car_driver": {"mean": 0, "std": 0.0}, "car_passenger": {"mean": 12844.76, "std": 144.16398631244542}, "public": {"mean": 11747.07, "std": 150.20391896594202}, "pedestrian": {"mean": 18908.26, "std": 176.25438571805378}, "bicycle": {"mean": 4787.11, "std": 95.45329335398131}}, "dest_place_type": {"dom": {"mean": 24606.01, "std": 148.44503761298049}, "inne": {"mean": 3692.42, "std": 56.47099550506732}, "praca": {"mean": 204.95, "std": 12.936031427408837}, "szkola": {"mean": 19664.4, "std": 142.49692536112397}, "uczelnia": {"mean": 119.42, "std": 9.939392091648017}}, "travels_num": {"mean": 48287.2, "std": 278.9641372990261}, "pub_trans_comfort": {"mean": 2.7639107855338345, "std": 0.004742518853989211}, "pub_trans_punctuality": {"mean": 2.6608573895849372, "std": 0.004501527303881049}, "bicycle_infrastr_comfort": {"mean": 2.6568532794561492, "std": 0.004914909308088602}, "pedestrian_inconvenience": {"mean": 1.5293854944307936, "std": 0.00614765555699498}, "household_persons": {"mean": 2.905149193724863, "std": 0.00885210177477668}, "household_cars": {"mean": 1.0481146024393928, "std": 0.005022699252391353}, "household_bicycles": {"mean": 1.5364642612911648, "std": 0.008651546246551164}}, "16-19_K": {"modal_split": {"car_driver": {"mean": 428.03, "std": 23.183699864213636}, "car_passenger": {"mean": 2997.18, "std": 88.84686405566183}, "public": {"mean": 6850.68, "std": 125.7717091729409}, "pedestrian": {"mean": 2853.84, "std": 64.39708256143474}, "bicycle": {"mean": 1839.77, "std": 65.9321437218416}}, "dest_place_type": {"dom": {"mean": 7622.38, "std": 102.16650897214583}, "inne": {"mean": 1489.78, "std": 46.25130737982911}, "praca": {"mean": 504.91, "std": 20.602096098124665}, "szkola": {"mean": 4366.05, "std": 62.699117162279826}, "uczelnia": {"mean": 986.38, "std": 37.62837420690064}}, "travels_num": {"mean": 14969.5, "std": 211.81483718692903}, "pub_trans_comfort": {"mean": 2.767423328824648, "std": 0.008936327608136042}, "pub_trans_punctuality": {"mean": 2.661181138145755, "std": 0.008660115016877181}, "bicycle_infrastr_comfort": {"mean": 2.6556767184997456, "std": 0.008902586375345902}, "pedestrian_inconvenience": {"mean": 1.528527193868832, "std": 0.013202561627477178}, "household_persons": {"mean": 2.901332822771682, "std": 0.013688439316115566}, "household_cars": {"mean": 1.047623254077099, "std": 0.008767474559345196}, "household_bicycles": {"mean": 1.5364829682031382, "std": 0.015617537130535169}}, "16-19_M": {"modal_split": {"car_driver": {"mean": 1233.77, "std": 42.824248535453165}, "car_passenger": {"mean": 2477.97, "std": 65.78914205339063}, "public": {"mean": 7497.6, "std": 120.43330859102817}, "pedestrian": {"mean": 3215.25, "std": 88.06567510280684}, "bicycle": {"mean": 2258.39, "std": 66.95059161181264}}, "dest_place_type": {"dom": {"mean": 8551.62, "std": 106.66702462061151}, "inne": {"mean": 1449.07, "std": 44.1160670701432}, "praca": {"mean": 333.19, "std": 19.258840289408116}, "szkola": {"mean": 5597.53, "std": 74.37965060581035}, "uczelnia": {"mean": 751.57, "std": 29.74173512222863}}, "travels_num": {"mean": 16682.98, "std": 207.9465247887475}, "pub_trans_comfort": {"mean": 2.765478247566127, "std": 0.008505079022235356}, "pub_trans_punctuality": {"mean": 2.6602328005185134, "std": 0.009560558473467444}, "bicycle_infrastr_comfort": {"mean": 2.6571127143028086, "std": 0.010060757979209668}, "pedestrian_inconvenience": {"mean": 1.5286167064540763, "std": 0.010185406076762963}, "household_persons": {"mean": 2.9043631725684484, "std": 0.01107621249841848}, "household_cars": {"mean": 1.0468652471073023, "std": 0.009140213421348024}, "household_bicycles": {"mean": 1.5362340096925915, "std": 0.01425788102233773}}, "20-24_K": {"modal_split": {"car_driver": {"mean": 3980.3, "std": 97.07369896271095}, "car_passenger": {"mean": 2116.21, "std": 59.82606016400775}, "public": {"mean": 10121.07, "std": 146.40494934229235}, "pedestrian": {"mean": 3914.85, "std": 77.44237023148702}, "bicycle": {"mean": 2674.26, "std": 71.31132767341704}}, "dest_place_type": {"dom": {"mean": 11740.56, "std": 132.14319750355918}, "inne": {"mean": 3495.48, "std": 64.32061108308137}, "praca": {"mean": 2019.75, "std": 61.416178403552344}, "szkola": {"mean": 473.78, "std": 18.019955268501302}, "uczelnia": {"mean": 5077.12, "std": 59.91530722948886}}, "travels_num": {"mean": 22806.69, "std": 250.95396555600158}, "pub_trans_comfort": {"mean": 2.7657905784675965, "std": 0.00665446551191919}, "pub_trans_punctuality": {"mean": 2.6602626074348357, "std": 0.008260109534224859}, "bicycle_infrastr_comfort": {"mean": 2.657276241343433, "std": 0.007578744327716706}, "pedestrian_inconvenience": {"mean": 1.529215712224044, "std": 0.009455640592098772}, "household_persons": {"mean": 2.906131723852044, "std": 0.011683149600508437}, "household_cars": {"mean": 1.0461891952559954, "std": 0.008115854485281175}, "household_bicycles": {"mean": 1.5367000237356037, "std": 0.011782269128442213}}, "20-24_M": {"modal_split": {"car_driver": {"mean": 5132.44, "std": 86.16865304550588}, "car_passenger": {"mean": 591.64, "std": 29.014980456810424}, "public": {"mean": 9664.07, "std": 144.9792917988809}, "pedestrian": {"mean": 3722.28, "std": 101.25945073738235}, "bicycle": {"mean": 2735.75, "std": 82.43802385900439}}, "dest_place_type": {"dom": {"mean": 11204.4, "std": 129.43505840163377}, "inne": {"mean": 3237.15, "std": 76.9753174397449}, "praca": {"mean": 2005.7, "std": 45.90405012830369}, "szkola": {"mean": 345.05, "std": 16.20037098964157}, "uczelnia": {"mean": 5053.88, "std": 75.60841169600059}}, "travels_num": {"mean": 21846.18, "std": 241.97371841594781}, "pub_trans_comfort": {"mean": 2.7641515156724297, "std": 0.006765741055844888}, "pub_trans_punctuality": {"mean": 2.6616282395856232, "std": 0.007437154917711803}, "bicycle_infrastr_comfort": {"mean": 2.658251871673569, "std": 0.007573585128945004}, "pedestrian_inconvenience": {"mean": 1.5273786882929485, "std": 0.010679275616714643}, "household_persons": {"mean": 2.9053958012107657, "std": 0.010828311892940904}, "household_cars": {"mean": 1.0490034803167638, "std": 0.008316940106825812}, "household_bicycles": {"mean": 1.534337325125599, "std": 0.011894673170554542}}, "25-44_K": {"modal_split": {"car_driver": {"mean": 65682.76, "std": 349.94808042036607}, "car_passenger": {"mean": 11393.64, "std": 111.20065765374889}, "public": {"mean": 56291.37, "std": 401.0373078944555}, "pedestrian": {"mean": 30360.15, "std": 249.5033602332377}, "bicycle": {"mean": 15225.22, "std": 182.9153681875635}}, "dest_place_type": {"dom": {"mean": 92173.43, "std": 367.0132316718598}, "inne": {"mean": 29308.17, "std": 152.55143560468548}, "praca": {"mean": 49876.53, "std": 228.39105463740003}, "szkola": {"mean": 5573.44,