{"6-15_K": {"modal_split": {"car_driver": {"mean": 0, "std": 0.0}, "car_passenger": {"mean": 11961.34, "std": 164.87866490669478}, "public": {"mean": 11164.84, "std": 136.88546565311714}, "pedestrian": {"mean": 19362.73, "std": 225.37295039040683}, "bicycle": {"mean": 4694.31, "std": 98.59105364375542}}, "dest_place_type": {"dom": {"mean": 23956.41, "std": 159.38639252211}, "inne": {"mean": 3532.85, "std": 61.088175218409916}, "praca": {"mean": 93.27, "std": 9.987724789192304}, "szkola": {"mean": 19505.26, "std": 145.42099246843645}, "uczelnia": {"mean": 95.43, "std": 9.326030692896548}}, "travels_num": {"mean": 47183.22, "std": 310.64529058985676}, "pub_trans_comfort": {"mean": 2.6368977163961844, "std": 0.004521547805107912}, "pub_trans_punctuality": {"mean": 2.5307176020752755, "std": 0.004848882552140944}, "bicycle_infrastr_comfort": {"mean": 2.656014901757622, "std": 0.005063080727160334}, "pedestrian_inconvenience": {"mean": 1.5268652688174962, "std": 0.007238225675699492}, "household_persons": {"mean": 2.904656615515704, "std": 0.008113773984201886}, "household_cars": {"mean": 0.8288327440676514, "std": 0.0052356236188672335}, "household_bicycles": {"mean": 1.5353910596494273, "std": 0.007497348580610142}}, "6-15_M": {"modal_split": {"car_driver": {"mean": 0, "std": 0.0}, "car_passenger": {"mean": 11107.63, "std": 155.24849126611196}, "public": {"mean": 12480.35, "std": 176.31871824636318}, "pedestrian": {"mean": 19687.16, "std": 159.00427031937846}, "bicycle": {"mean": 4923.01, "std": 88.77510969303333}}, "dest_place_type": {"dom": {"mean": 24565.64, "std": 109.66565533290704}, "inne": {"mean": 3691.68, "std": 66.0272181403513}, "praca": {"mean": 206.98, "std": 13.959523015786852}, "szkola": {"mean": 19616.33, "std": 79.41122417676563}, "uczelnia": {"mean": 117.52, "std": 12.049125036342437}}, "travels_num": {"mean": 48198.15, "std": 208.26563142372586}, "pub_trans_comfort": {"mean": 2.636789691092912, "std": 0.004781939585811996}, "pub_trans_punctuality": {"mean": 2.5298756230214066, "std": 0.004703214825516578}, "bicycle_infrastr_comfort": {"mean": 2.656618850341325, "std": 0.00569904773356086}, "pedestrian_inconvenience": {"mean": 1.5276446314916616, "std": 0.006334281245245984}, "household_persons": {"mean": 2.9037640166629544, "std": 0.007803151426526443}, "household_cars": {"mean": 0.8284636946937158, "std": 0.005747136255987306}, "household_bicycles": {"mean": 1.5347901303903013, "std": 0.008765130346704793}}, "16-19_K": {"modal_split": {"car_driver": {"mean": 391.87, "std": 20.860118538842137}, "car_passenger": {"mean": 2725.43, "std": 77.93771859502932}, "public": {"mean": 6993.22, "std": 136.41481450400326}, "pedestrian": {"mean": 2955.12, "std": 83.50494813863645}, "bicycle": {"mean": 1857.35, "std": 61.97480344967835}}, "dest_place_type": {"dom": {"mean": 7602.54, "std": 93.13815306068484}, "inne": {"mean": 1501.37, "std": 44.995769722600514}, "praca": {"mean": 504.64, "std": 23.356058197937735}, "szkola": {"mean": 4339.9, "std": 63.81293684740508}, "uczelnia": {"mean": 974.54, "std": 31.124520198322056}}, "travels_num": {"mean": 14922.99, "std": 187.63689924851124}, "pub_trans_comfort": {"mean": 2.638006385234962, "std": 0.006950385585050481}, "pub_trans_punctuality": {"mean": 2.5291239486119146, "std": 0.008068331746840216}, "bicycle_infrastr_comfort": {"mean": 2.6564089191922164, "std": 0.008324460352260706}, "pedestrian_inconvenience": {"mean": 1.5290973048994059, "std": 0.01139153271330601}, "household_persons": {"mean": 2.9067879862278567, "std": 0.015850967487896234}, "household_cars": {"mean": 0.8285853812130392, "std": 0.009598984193289601}, "household_bicycles": {"mean": 1.534789749258693, "std": 0.016561781121847908}}, "16-19_M": {"modal_split": {"car_driver": {"mean": 1150.38, "std": 41.777375347298815}, "car_passenger": {"mean": 2289.14, "std": 72.76821095267168}, "public": {"mean": 7666.7, "std": 133.58306158878955}, "pedestrian": {"mean": 3355.57, "std": 87.76003266483744}, "bicycle": {"mean": 2157.46, "std": 66.96982887687544}}, "dest_place_type": {"dom": {"mean": 8527.09, "std": 112.68460454299026}, "inne": {"mean": 1437.71, "std": 31.008403878805357}, "praca": {"mean": 334.18, "std": 15.829508309904428}, "szkola": {"mean": 5567.29, "std": 79.55219301905771}, "uczelnia": {"mean": 752.98, "std": 23.916513039312314}}, "travels_num": {"mean": 16619.25, "std": 215.39849727020527}, "pub_trans_comfort": {"mean": 2.6365586288636558, "std": 0.007366490721521181}, "pub_trans_punctuality": {"mean": 2.5301108680673323, "std": 0.0079928393656002}, "bicycle_infrastr_comfort": {"mean": 2.655290964470016, "std": 0.007757364858934207}, "pedestrian_inconvenience": {"mean": 1.5280440950120349, "std": 0.012213691270354885}, "household_persons": {"mean": 2.905053347648348, "std": 0.012999889862310019}, "household_cars": {"mean": 0.8285229249215877, "std": 0.008605265984478768}, "household_bicycles": {"mean": 1.5347095927762138, "std": 0.013927218276621583}}, "20-24_K": {"modal_split": {"car_driver": {"mean": 3572.43, "std": 84.75886831226428}, "car_passenger": {"mean": 1885.64, "std": 51.735637249541654}, "public": {"mean": 10485.3, "std": 150.68138168957302}, "pedestrian": {"mean": 4065.24, "std": 87.68540184642879}, "bicycle": {"mean": 2679.31, "std": 86.07369346711403}}, "dest_place_type": {"dom": {"mean": 11677.75, "std": 128.5726909910766}, "inne": {"mean": 3476.31, "std": 75.05199477157099}, "praca": {"mean": 2011.83, "std": 36.00282115769723}, "szkola": {"mean": 475.14, "std": 24.932239483379057}, "uczelnia": {"mean": 5046.89, "std": 63.36488767368715}}, "travels_num": {"mean": 22687.92, "std": 245.96302916733586}, "pub_trans_comfort": {"mean": 2.634969304021544, "std": 0.007336594040070562}, "pub_trans_punctuality": {"mean": 2.530841481044014, "std": 0.00752079359141251}, "bicycle_infrastr_comfort": {"mean": 2.657169184055819, "std": 0.00836940642757951}, "pedestrian_inconvenience": {"mean": 1.5279554254732044, "std": 0.00883224930360222}, "household_persons": {"mean": 2.9054754213317953, "std": 0.011634778427517572}, "household_cars": {"mean": 0.8290444682212872, "std": 0.00803803070091485}, "household_bicycles": {"mean": 1.537677409864269, "std": 0.013873982319260148}}, "20-24_M": {"modal_split": {"car_driver": {"mean": 4463.14, "std": 114.2504797417154}, "car_passenger": {"mean": 510.42, "std": 23.82307683526605}, "public": {"mean": 10006.49, "std": 133.6808724409205}, "pedestrian": {"mean": 3876.6, "std": 103.15576140531905}, "bicycle": {"mean": 2898.41, "std": 89.90781979675661}}, "dest_place_type": {"dom": {"mean": 11156.59, "std": 140.59420042064036}, "inne": {"mean": 3220.58, "std": 67.31640651326083}, "praca": {"mean": 1995.97, "std": 42.64783083285098}, "szkola": {"mean": 335.35, "std": 19.552764665402336}, "uczelnia": {"mean": 5046.57, "std": 81.98943698902791}}, "travels_num": {"mean": 21755.06, "std": 276.2005500327323}, "pub_trans_comfort": {"mean": 2.6355576525169293, "std": 0.007178503952284515}, "pub_trans_punctuality": {"mean": 2.5304885395317225, "std": 0.007961195602736521}, "bicycle_infrastr_comfort": {"mean": 2.6567746859001957, "std": 0.00799760467575056}, "pedestrian_inconvenience": {"mean": 1.5267746238114441, "std": 0.00986285725107695}, "household_persons": {"mean": 2.9050654829416516, "std": 0.010962170578375018}, "household_cars": {"mean": 0.8278228891639408, "std": 0.007552593405055207}, "household_bicycles": {"mean": 1.535307574384366, "std": 0.013652209185656445}}, "25-44_K": {"modal_split": {"car_driver": {"mean": 57326.54, "std": 326.2780749946619}, "car_passenger": {"mean": 9925.18, "std": 112.15613035299307}, "public": {"mean": 61514.77, "std": 334.2598292262225}, "pedestrian": {"mean": 32240.88, "std": 267.01852846844645}, "bicycle": {"mean": 18259.13, "std": 184.691807445197}}, "dest_place_type": {"dom": {"mean": 92347.13, "std": 294.09576036152964}, "inne": {"mean": 29339.31, "std": 153.61941000834867}, "praca": {"mean": 49971.32, "std": 224.54244745052262}, "szkola": {"mean": 5590.88,