{"6-15_K": {"modal_split": {"car_driver": {"mean": 0, "std": 0.0}, "car_passenger": {"mean": 12789.52, "std": 186.1927685779098}, "public": {"mean": 10884.31, "std": 163.52960965012798}, "pedestrian": {"mean": 18954.32, "std": 239.17703514638302}, "bicycle": {"mean": 4583.6, "std": 102.16534429911924}}, "dest_place_type": {"dom": {"mean": 23975.17, "std": 193.04105676244004}, "inne": {"mean": 3525.79, "std": 57.82248959557434}, "praca": {"mean": 91.04, "std": 10.929452378455624}, "szkola": {"mean": 19524.91, "std": 171.24517806379546}, "uczelnia": {"mean": 94.84, "std": 10.36185701542348}}, "travels_num": {"mean": 47211.75, "std": 371.6567161325955}, "pub_trans_comfort": {"mean": 2.76567307233307, "std": 0.005541221314224843}, "pub_trans_punctuality": {"mean": 2.6602513623982262, "std": 0.005034433872722792}, "bicycle_infrastr_comfort": {"mean": 2.6569185668071054, "std": 0.005013166345964681}, "pedestrian_inconvenience": {"mean": 1.5287989100355357, "std": 0.006811420970288991}, "household_persons": {"mean": 2.9044873737222217, "std": 0.009129356799645523}, "household_cars": {"mean": 0.9385104558471241, "std": 0.005019591773307781}, "household_bicycles": {"mean": 1.5362573130416153, "std": 0.008709115875948355}}, "6-15_M": {"modal_split": {"car_driver": {"mean": 0, "std": 0.0}, "car_passenger": {"mean": 11849.51, "std": 165.83254880277346}, "public": {"mean": 12174.76, "std": 159.92928487808655}, "pedestrian": {"mean": 19323.51, "std": 227.84406749114424}, "bicycle": {"mean": 4921.12, "std": 86.71458814974443}}, "dest_place_type": {"dom": {"mean": 24602.92, "std": 198.97361278787344}, "inne": {"mean": 3696.35, "std": 60.00881669228348}, "praca": {"mean": 206.43, "std": 12.707474138864065}, "szkola": {"mean": 19646.5, "std": 180.0330777688064}, "uczelnia": {"mean": 116.7, "std": 11.736587014438003}}, "travels_num": {"mean": 48268.9, "std": 394.300902890422}, "pub_trans_comfort": {"mean": 2.765454204530868, "std": 0.004322208060255213}, "pub_trans_punctuality": {"mean": 2.6607692130409935, "std": 0.0050159756943371145}, "bicycle_infrastr_comfort": {"mean": 2.657083581916777, "std": 0.0050487754504883135}, "pedestrian_inconvenience": {"mean": 1.5281378344139362, "std": 0.006578674071986428}, "household_persons": {"mean": 2.903973498431222, "std": 0.008412024122134688}, "household_cars": {"mean": 0.9400948393267496, "std": 0.005350465392860709}, "household_bicycles": {"mean": 1.535018094468865, "std": 0.009581379018866621}}, "16-19_K": {"modal_split": {"car_driver": {"mean": 400.49, "std": 21.49441787999852}, "car_passenger": {"mean": 2802.99, "std": 74.18043726433051}, "public": {"mean": 6967.82, "std": 130.61551101294103}, "pedestrian": {"mean": 2877.77, "std": 73.1648001418577}, "bicycle": {"mean": 1795.53, "std": 59.75006107092944}}, "dest_place_type": {"dom": {"mean": 7559.12, "std": 96.0672407612228}, "inne": {"mean": 1492.53, "std": 40.115856206641276}, "praca": {"mean": 504.72, "std": 30.28520324108021}, "szkola": {"mean": 4320.45, "std": 64.82585451917633}, "uczelnia": {"mean": 967.78, "std": 37.024038055557824}}, "travels_num": {"mean": 14844.6, "std": 181.64261725718555}, "pub_trans_comfort": {"mean": 2.764987445283406, "std": 0.008579132507505229}, "pub_trans_punctuality": {"mean": 2.661411349516223, "std": 0.008531772571124422}, "bicycle_infrastr_comfort": {"mean": 2.655812650627442, "std": 0.008821271795342997}, "pedestrian_inconvenience": {"mean": 1.5301314768826015, "std": 0.012687611696355142}, "household_persons": {"mean": 2.904156740221919, "std": 0.015478106523579335}, "household_cars": {"mean": 0.9376820721607431, "std": 0.008775658988275594}, "household_bicycles": {"mean": 1.5341361619087166, "std": 0.016217654197865812}}, "16-19_M": {"modal_split": {"car_driver": {"mean": 1185.37, "std": 33.97879760775368}, "car_passenger": {"mean": 2349.72, "std": 61.91980476569853}, "public": {"mean": 7636.82, "std": 135.0384442080899}, "pedestrian": {"mean": 3273.67, "std": 91.06586083764327}, "bicycle": {"mean": 2197.36, "std": 66.48878085660753}}, "dest_place_type": {"dom": {"mean": 8537.09, "std": 92.49538290415289}, "inne": {"mean": 1442.61, "std": 31.185950929120878}, "praca": {"mean": 336.2, "std": 18.925692013287602}, "szkola": {"mean": 5578.59, "std": 67.1503807611218}, "uczelnia": {"mean": 748.45, "std": 32.10663262607679}}, "travels_num": {"mean": 16642.94, "std": 183.0871526201264}, "pub_trans_comfort": {"mean": 2.7670196448143054, "std": 0.008016690137428797}, "pub_trans_punctuality": {"mean": 2.658614835455765, "std": 0.00878058986563209}, "bicycle_infrastr_comfort": {"mean": 2.6565031309756892, "std": 0.008955488693263495}, "pedestrian_inconvenience": {"mean": 1.5282669756439489, "std": 0.011040548611769603}, "household_persons": {"mean": 2.904038616595118, "std": 0.016489354578256555}, "household_cars": {"mean": 0.9372972106217248, "std": 0.009837995490819696}, "household_bicycles": {"mean": 1.5368729953070475, "std": 0.015711043894919726}}, "20-24_K": {"modal_split": {"car_driver": {"mean": 3761.09, "std": 98.319217785022}, "car_passenger": {"mean": 1996.49, "std": 64.2942250418914}, "public": {"mean": 10396.37, "std": 146.3917985642252}, "pedestrian": {"mean": 3998.51, "std": 93.92491036928801}, "bicycle": {"mean": 2648.83, "std": 77.12616647776262}}, "dest_place_type": {"dom": {"mean": 11730.72, "std": 151.25315457099322}, "inne": {"mean": 3502.61, "std": 75.49471785656546}, "praca": {"mean": 2027.46, "std": 39.09698378921501}, "szkola": {"mean": 475.63, "std": 19.483562095243055}, "uczelnia": {"mean": 5064.87, "std": 82.32476400012797}}, "travels_num": {"mean": 22801.29, "std": 288.2833656125322}, "pub_trans_comfort": {"mean": 2.764863138723703, "std": 0.006308317591637349}, "pub_trans_punctuality": {"mean": 2.659115000845619, "std": 0.006286189433749935}, "bicycle_infrastr_comfort": {"mean": 2.6553825768905495, "std": 0.007743215190304899}, "pedestrian_inconvenience": {"mean": 1.5293661974375121, "std": 0.008828337438947308}, "household_persons": {"mean": 2.9036686902787885, "std": 0.011848268795226427}, "household_cars": {"mean": 0.9374988324059202, "std": 0.0077734066603874635}, "household_bicycles": {"mean": 1.535936720579889, "std": 0.01091355221196712}}, "20-24_M": {"modal_split": {"car_driver": {"mean": 4747.59, "std": 97.58633525388085}, "car_passenger": {"mean": 540.75, "std": 25.29517660732891}, "public": {"mean": 9897.18, "std": 158.6670091669336}, "pedestrian": {"mean": 3818.16, "std": 103.06482416323225}, "bicycle": {"mean": 2754.57, "std": 73.0631738548044}}, "dest_place_type": {"dom": {"mean": 11160.83, "std": 126.50596304865904}, "inne": {"mean": 3198.88, "std": 46.91735265120976}, "praca": {"mean": 2009.15, "std": 48.192244440806284}, "szkola": {"mean": 344.37, "std": 18.638861867538257}, "uczelnia": {"mean": 5045.02, "std": 64.27701727285539}}, "travels_num": {"mean": 21758.25, "std": 230.33823943378258}, "pub_trans_comfort": {"mean": 2.765670051704633, "std": 0.007396968339222471}, "pub_trans_punctuality": {"mean": 2.660310589231308, "std": 0.00811588293648757}, "bicycle_infrastr_comfort": {"mean": 2.658964585041639, "std": 0.0075683695175791125}, "pedestrian_inconvenience": {"mean": 1.5287392225010963, "std": 0.011118476033367809}, "household_persons": {"mean": 2.9024605543798585, "std": 0.013057587625259073}, "household_cars": {"mean": 0.936334684161898, "std": 0.008006645603017977}, "household_bicycles": {"mean": 1.5371215438324222, "std": 0.014933990764214918}}, "25-44_K": {"modal_split": {"car_driver": {"mean": 60519.82, "std": 427.091251338279}, "car_passenger": {"mean": 10483.93, "std": 127.46140275361476}, "public": {"mean": 60370.54, "std": 297.5049925733358}, "pedestrian": {"mean": 31396.51, "std": 271.54505532361856}, "bicycle": {"mean": 16327.2, "std": 187.48009995406946}}, "dest_place_type": {"dom": {"mean": 92239.46, "std": 353.1827700934873}, "inne": {"mean": 29367.59, "std": 178.22769995234475}, "praca": {"mean": 49910.31, "std": 218.83477901158787}, "szkola": {"mean": 5565.39,