{"6-15_K": {"modal_split": {"car_driver": {"mean": 0, "std": 0.0}, "car_passenger": {"mean": 14583.09, "std": 193.76024417362356}, "public": {"mean": 10425.89, "std": 146.58454277930596}, "pedestrian": {"mean": 18161.02, "std": 166.74404143337583}, "bicycle": {"mean": 4096.84, "std": 91.85954583828597}}, "dest_place_type": {"dom": {"mean": 23996.98, "std": 164.8971506819639}, "inne": {"mean": 3543.22, "std": 66.79209110623378}, "praca": {"mean": 94.48, "std": 9.84268174017548}, "szkola": {"mean": 19541.1, "std": 126.72020399687692}, "uczelnia": {"mean": 91.06, "std": 9.085252785796232}}, "travels_num": {"mean": 47266.84, "std": 324.38942552731186}, "pub_trans_comfort": {"mean": 2.6375105490033155, "std": 0.004876783330577239}, "pub_trans_punctuality": {"mean": 2.5299916651718832, "std": 0.0049195827741975555}, "bicycle_infrastr_comfort": {"mean": 2.657141180662973, "std": 0.005524107833306714}, "pedestrian_inconvenience": {"mean": 1.5284669850467956, "std": 0.007342151215905841}, "household_persons": {"mean": 2.904374433429565, "std": 0.007832380822026017}, "household_cars": {"mean": 1.0470524024900638, "std": 0.006194582933363141}, "household_bicycles": {"mean": 1.5364685280105574, "std": 0.008015660651494795}}, "6-15_M": {"modal_split": {"car_driver": {"mean": 0, "std": 0.0}, "car_passenger": {"mean": 13064.57, "std": 157.55558615064314}, "public": {"mean": 11533.55, "std": 163.80355165671327}, "pedestrian": {"mean": 18970.64, "std": 205.42798487474136}, "bicycle": {"mean": 4637.18, "std": 92.71258727046634}}, "dest_place_type": {"dom": {"mean": 24569.97, "std": 186.28572899791018}, "inne": {"mean": 3680.08, "std": 56.00499256244208}, "praca": {"mean": 204.78, "std": 12.749791046019999}, "szkola": {"mean": 19638.53, "std": 164.64356696031018}, "uczelnia": {"mean": 112.58, "std": 11.647325960073498}}, "travels_num": {"mean": 48205.94, "std": 344.1740169440365}, "pub_trans_comfort": {"mean": 2.636661064094144, "std": 0.0046433348193006775}, "pub_trans_punctuality": {"mean": 2.5298322797394985, "std": 0.00480129899099132}, "bicycle_infrastr_comfort": {"mean": 2.6557070406227323, "std": 0.005071233112757034}, "pedestrian_inconvenience": {"mean": 1.5271346655755307, "std": 0.006519760566180807}, "household_persons": {"mean": 2.902230213829904, "std": 0.007925874967604996}, "household_cars": {"mean": 1.0471555537644028, "std": 0.005295844858314172}, "household_bicycles": {"mean": 1.5364664056124606, "std": 0.009259241873667117}}, "16-19_K": {"modal_split": {"car_driver": {"mean": 440.75, "std": 20.12354518237457}, "car_passenger": {"mean": 3097.37, "std": 79.00526193957852}, "public": {"mean": 6741.62, "std": 155.17886584209978}, "pedestrian": {"mean": 2842.52, "std": 72.17213990022589}, "bicycle": {"mean": 1852.71, "std": 76.35090376053518}}, "dest_place_type": {"dom": {"mean": 7625.84, "std": 113.86734440221271}, "inne": {"mean": 1504.17, "std": 42.498260213944306}, "praca": {"mean": 508.73, "std": 21.571518352689132}, "szkola": {"mean": 4372.84, "std": 81.51218784744259}, "uczelnia": {"mean": 963.39, "std": 35.98537722099594}}, "travels_num": {"mean": 14974.97, "std": 223.13593515065108}, "pub_trans_comfort": {"mean": 2.6356201282452516, "std": 0.009475466216991857}, "pub_trans_punctuality": {"mean": 2.530023621198745, "std": 0.008855437828297019}, "bicycle_infrastr_comfort": {"mean": 2.6577748136840453, "std": 0.0095960309782164}, "pedestrian_inconvenience": {"mean": 1.5274734165319943, "std": 0.012057210353612258}, "household_persons": {"mean": 2.9060438504494126, "std": 0.014211386017989108}, "household_cars": {"mean": 1.0469064398549137, "std": 0.009254323944181023}, "household_bicycles": {"mean": 1.5369642036731792, "std": 0.015383034683371237}}, "16-19_M": {"modal_split": {"car_driver": {"mean": 1270.7, "std": 43.05235243868854}, "car_passenger": {"mean": 2539.51, "std": 68.99165445065354}, "public": {"mean": 7346.58, "std": 116.65585923968627}, "pedestrian": {"mean": 3220.29, "std": 78.76192165653593}, "bicycle": {"mean": 2252.81, "std": 64.50568763584911}}, "dest_place_type": {"dom": {"mean": 8528.46, "std": 116.48136106153412}, "inne": {"mean": 1438.47, "std": 49.50368928196415}, "praca": {"mean": 335.82, "std": 17.840697997850448}, "szkola": {"mean": 5572.44, "std": 79.69326549750967}, "uczelnia": {"mean": 754.7, "std": 30.436720246996707}}, "travels_num": {"mean": 16629.89, "std": 220.40251950933003}, "pub_trans_comfort": {"mean": 2.635759209656049, "std": 0.007301840874342172}, "pub_trans_punctuality": {"mean": 2.5315451802183118, "std": 0.008748523985055255}, "bicycle_infrastr_comfort": {"mean": 2.655989152043174, "std": 0.009155863042970577}, "pedestrian_inconvenience": {"mean": 1.5284942396091268, "std": 0.012390933616500722}, "household_persons": {"mean": 2.9024925511645905, "std": 0.014479899202295346}, "household_cars": {"mean": 1.0470629645912441, "std": 0.00847613128776623}, "household_bicycles": {"mean": 1.5362685945895718, "std": 0.015143756482124255}}, "20-24_K": {"modal_split": {"car_driver": {"mean": 4008.49, "std": 79.77082008713298}, "car_passenger": {"mean": 2131.14, "std": 57.884946840323444}, "public": {"mean": 9993.8, "std": 152.06976070610528}, "pedestrian": {"mean": 3910.31, "std": 90.24105708511168}, "bicycle": {"mean": 2698.13, "std": 59.4125543648951}}, "dest_place_type": {"dom": {"mean": 11715.69, "std": 131.64581307816098}, "inne": {"mean": 3468.83, "std": 71.20124488186475}, "praca": {"mean": 2017.75, "std": 54.590925911905835}, "szkola": {"mean": 477.39, "std": 23.259143960554045}, "uczelnia": {"mean": 5062.21, "std": 70.60350164435503}}, "travels_num": {"mean": 22741.87, "std": 259.0798268230598}, "pub_trans_comfort": {"mean": 2.636947489347764, "std": 0.006531995942420942}, "pub_trans_punctuality": {"mean": 2.529370402822793, "std": 0.007021292201032612}, "bicycle_infrastr_comfort": {"mean": 2.6566079509743554, "std": 0.007467518929906688}, "pedestrian_inconvenience": {"mean": 1.5284608150182688, "std": 0.009543100571464968}, "household_persons": {"mean": 2.905171369781668, "std": 0.01175643718895838}, "household_cars": {"mean": 1.0483070748068775, "std": 0.0069899663521349326}, "household_bicycles": {"mean": 1.5342766174031568, "std": 0.012796044979160362}}, "20-24_M": {"modal_split": {"car_driver": {"mean": 5185.46, "std": 113.00061857343879}, "car_passenger": {"mean": 591.73, "std": 28.892994851955926}, "public": {"mean": 9394.75, "std": 134.33866257569434}, "pedestrian": {"mean": 3691.52, "std": 93.49342114812035}, "bicycle": {"mean": 2801.63, "std": 77.63273481690257}}, "dest_place_type": {"dom": {"mean": 11110.95, "std": 123.60619897174423}, "inne": {"mean": 3208.97, "std": 55.70602038443158}, "praca": {"mean": 2011.93, "std": 37.20846406370193}, "szkola": {"mean": 339.4, "std": 20.00050504412831}, "uczelnia": {"mean": 4993.84, "std": 73.76521859757128}}, "travels_num": {"mean": 21665.09, "std": 237.7206192745653}, "pub_trans_comfort": {"mean": 2.636361934697535, "std": 0.007252489754102347}, "pub_trans_punctuality": {"mean": 2.5289457139233176, "std": 0.006759895860062869}, "bicycle_infrastr_comfort": {"mean": 2.656455395186404, "std": 0.008650935787449611}, "pedestrian_inconvenience": {"mean": 1.5260582567647178, "std": 0.009080561913623447}, "household_persons": {"mean": 2.9054640971677568, "std": 0.011915538446882444}, "household_cars": {"mean": 1.0464985946107261, "std": 0.008626988894254343}, "household_bicycles": {"mean": 1.5348074999746755, "std": 0.014352454302160481}}, "25-44_K": {"modal_split": {"car_driver": {"mean": 68064.83, "std": 365.66751070315007}, "car_passenger": {"mean": 11816.82, "std": 127.92661880148243}, "public": {"mean": 53607.95, "std": 310.01412072759695}, "pedestrian": {"mean": 29887.93, "std": 252.96441459324876}, "bicycle": {"mean": 15901.7, "std": 174.62771367637606}}, "dest_place_type": {"dom": {"mean": 92346.61, "std": 345.1621751752605}, "inne": {"mean": 29399.52, "std": 153.60150988315135}, "praca": {"mean": 49916.3, "std": 273.9481813420306},