{"6-15_K": {"modal_split": {"car_driver": {"mean": 0, "std": 0.0}, "car_passenger": {"mean": 11183.77, "std": 168.85651400888366}, "public": {"mean": 11302.84, "std": 172.30984072919694}, "pedestrian": {"mean": 19773.14, "std": 190.26892292306442}, "bicycle": {"mean": 5050.02, "std": 89.41334951061319}}, "dest_place_type": {"dom": {"mean": 24021, "std": 146.48763177356054}, "inne": {"mean": 3547.12, "std": 51.19921085250428}, "praca": {"mean": 97.14, "std": 11.681825649488632}, "szkola": {"mean": 19550.1, "std": 159.2353889401131}, "uczelnia": {"mean": 94.41, "std": 10.434107822933692}}, "travels_num": {"mean": 47309.77, "std": 285.6545153173885}, "pub_trans_comfort": {"mean": 2.8929264156105243, "std": 0.00510805285216839}, "pub_trans_punctuality": {"mean": 2.791918758475408, "std": 0.004950144952869081}, "bicycle_infrastr_comfort": {"mean": 2.6572412116666126, "std": 0.005744412879608593}, "pedestrian_inconvenience": {"mean": 1.52873559178762, "std": 0.006636939411504876}, "household_persons": {"mean": 2.9047700799544374, "std": 0.008352891902312492}, "household_cars": {"mean": 0.8292294969728796, "std": 0.005984876592635089}, "household_bicycles": {"mean": 1.5371689387004024, "std": 0.009167281228067788}}, "6-15_M": {"modal_split": {"car_driver": {"mean": 0, "std": 0.0}, "car_passenger": {"mean": 10692.16, "std": 130.34768734411668}, "public": {"mean": 12759.44, "std": 133.2064032191616}, "pedestrian": {"mean": 19651.17, "std": 158.0767014311519}, "bicycle": {"mean": 5201.59, "std": 114.79811836349052}}, "dest_place_type": {"dom": {"mean": 24623.06, "std": 113.08956136128961}, "inne": {"mean": 3699.26, "std": 53.11558199347015}, "praca": {"mean": 210.29, "std": 15.696808528481132}, "szkola": {"mean": 19655.11, "std": 118.1128458019463}, "uczelnia": {"mean": 116.64, "std": 7.952535965516176}}, "travels_num": {"mean": 48304.36, "std": 223.79303750645067}, "pub_trans_comfort": {"mean": 2.893203713815863, "std": 0.00481465018348382}, "pub_trans_punctuality": {"mean": 2.7936456542887544, "std": 0.006042745559686641}, "bicycle_infrastr_comfort": {"mean": 2.656205108413068, "std": 0.004914515611407822}, "pedestrian_inconvenience": {"mean": 1.5286635035858962, "std": 0.0070684642381620205}, "household_persons": {"mean": 2.904302206655663, "std": 0.007305994312307255}, "household_cars": {"mean": 0.8292118787317, "std": 0.005307677165012544}, "household_bicycles": {"mean": 1.5345704381556324, "std": 0.008405061128943138}}, "16-19_K": {"modal_split": {"car_driver": {"mean": 375.25, "std": 20.440292452789308}, "car_passenger": {"mean": 2631.18, "std": 67.2889712847927}, "public": {"mean": 7258.3, "std": 96.80768188902816}, "pedestrian": {"mean": 2927.62, "std": 83.48601528085256}, "bicycle": {"mean": 1778.36, "std": 56.29674623247454}}, "dest_place_type": {"dom": {"mean": 7621.41, "std": 78.8162541560554}, "inne": {"mean": 1500.66, "std": 31.63115073736169}, "praca": {"mean": 507.34, "std": 21.66513747517384}, "szkola": {"mean": 4376.31, "std": 68.55163872379107}, "uczelnia": {"mean": 964.99, "std": 32.65816061178973}}, "travels_num": {"mean": 14970.71, "std": 163.38275659173814}, "pub_trans_comfort": {"mean": 2.8939663391330614, "std": 0.00840889398197752}, "pub_trans_punctuality": {"mean": 2.793383538731347, "std": 0.009257742088937206}, "bicycle_infrastr_comfort": {"mean": 2.656080221399771, "std": 0.008891651430437046}, "pedestrian_inconvenience": {"mean": 1.5285224545472658, "std": 0.011982638282597385}, "household_persons": {"mean": 2.9041225396086827, "std": 0.014301982832492427}, "household_cars": {"mean": 0.827475782456601, "std": 0.009866765347586544}, "household_bicycles": {"mean": 1.5381810091441697, "std": 0.01618398291929711}}, "16-19_M": {"modal_split": {"car_driver": {"mean": 1087.96, "std": 42.23142589746803}, "car_passenger": {"mean": 2178.06, "std": 65.36916457143748}, "public": {"mean": 7937.07, "std": 156.69201954757935}, "pedestrian": {"mean": 3297.17, "std": 81.7921799872745}, "bicycle": {"mean": 2130.38, "std": 70.04007222420402}}, "dest_place_type": {"dom": {"mean": 8527.4, "std": 131.81069989215823}, "inne": {"mean": 1452.52, "std": 49.57954123517995}, "praca": {"mean": 330.97, "std": 18.19615621525879}, "szkola": {"mean": 5574.13, "std": 89.07863453889003}, "uczelnia": {"mean": 745.62, "std": 21.141552746315785}}, "travels_num": {"mean": 16630.64, "std": 248.93082565161745}, "pub_trans_comfort": {"mean": 2.8928623800181863, "std": 0.00891130369934108}, "pub_trans_punctuality": {"mean": 2.7915301925800677, "std": 0.008079918437851288}, "bicycle_infrastr_comfort": {"mean": 2.6583553144992003, "std": 0.008704325881210968}, "pedestrian_inconvenience": {"mean": 1.5280259891351788, "std": 0.011754044079771557}, "household_persons": {"mean": 2.9046814105260603, "std": 0.013355463228852942}, "household_cars": {"mean": 0.8277345970927801, "std": 0.0089534221318898}, "household_bicycles": {"mean": 1.5349003847661729, "std": 0.015283243449207362}}, "20-24_K": {"modal_split": {"car_driver": {"mean": 3491.62, "std": 90.98870836815439}, "car_passenger": {"mean": 1853.84, "std": 63.515482881393304}, "public": {"mean": 10739.56, "std": 172.1901298218943}, "pedestrian": {"mean": 4091.48, "std": 104.79691567671988}, "bicycle": {"mean": 2582.92, "std": 79.49762463893072}}, "dest_place_type": {"dom": {"mean": 11719.05, "std": 135.66092423257467}, "inne": {"mean": 3486.72, "std": 84.30021867520196}, "praca": {"mean": 2017.6, "std": 42.95475655979337}, "szkola": {"mean": 476.48, "std": 20.266646730452713}, "uczelnia": {"mean": 5059.57, "std": 66.12129273944478}}, "travels_num": {"mean": 22759.42, "std": 268.1200613022593}, "pub_trans_comfort": {"mean": 2.893429291080324, "std": 0.00746149969272162}, "pub_trans_punctuality": {"mean": 2.7926190574189076, "std": 0.00738807214296541}, "bicycle_infrastr_comfort": {"mean": 2.6578559395501924, "std": 0.007801898038397536}, "pedestrian_inconvenience": {"mean": 1.5284255484213825, "std": 0.00909680103719094}, "household_persons": {"mean": 2.9049413120537246, "std": 0.011666249019304907}, "household_cars": {"mean": 0.8288275709953594, "std": 0.008044650031582256}, "household_bicycles": {"mean": 1.536144050280149, "std": 0.013478060370349798}}, "20-24_M": {"modal_split": {"car_driver": {"mean": 4393.89, "std": 90.33315386317854}, "car_passenger": {"mean": 501.78, "std": 21.277189379210494}, "public": {"mean": 10303.05, "std": 139.938180795823}, "pedestrian": {"mean": 3896, "std": 98.50498628613845}, "bicycle": {"mean": 2665.64, "std": 70.23445872162176}}, "dest_place_type": {"dom": {"mean": 11156.89, "std": 115.91131188206879}, "inne": {"mean": 3234.42, "std": 64.15136456660588}, "praca": {"mean": 2005.03, "std": 51.98143705189188}, "szkola": {"mean": 337.29, "std": 18.18385064397594}, "uczelnia": {"mean": 5026.73, "std": 72.98358124477814}}, "travels_num": {"mean": 21760.36, "std": 218.5860217143102}, "pub_trans_comfort": {"mean": 2.891234614548284, "std": 0.0065175012167063276}, "pub_trans_punctuality": {"mean": 2.7921956876377947, "std": 0.007419188788487848}, "bicycle_infrastr_comfort": {"mean": 2.657296439823995, "std": 0.007777786562040212}, "pedestrian_inconvenience": {"mean": 1.528974353621222, "std": 0.01092441293755456}, "household_persons": {"mean": 2.903928452788888, "std": 0.011481317802593214}, "household_cars": {"mean": 0.828258543041015, "std": 0.008002957323500601}, "household_bicycles": {"mean": 1.5363415706209562, "std": 0.01182097766919966}}, "25-44_K": {"modal_split": {"car_driver": {"mean": 53411.44, "std": 309.4794038609701}, "car_passenger": {"mean": 9249.97, "std": 106.28278032653922}, "public": {"mean": 66723.92, "std": 412.1274609151931}, "pedestrian": {"mean": 32879.12, "std": 263.69389508107747}, "bicycle": {"mean": 16611.12, "std": 196.1815938812247}}, "dest_place_type": {"dom": {"mean": 92139.39, "std": 383.33889047355336}, "inne": {"mean": 29307.25, "std": 195.74129365160547}, "praca": {"mean": 49810.16, "std": 224.83447199657752}, "szkola": {"mean": 5592.6,