{"6-15_K": {"modal_split": {"car_driver": {"mean": 0, "std": 0.0}, "car_passenger": {"mean": 9751.28, "std": 139.34233867327896}, "public": {"mean": 6932.94, "std": 105.70471192169713}, "pedestrian": {"mean": 12078.8, "std": 131.554287699964}, "bicycle": {"mean": 2737.1, "std": 80.35844443390336}}, "dest_place_type": {"dom": {"mean": 15995.16, "std": 111.52987336611311}, "inne": {"mean": 2349.56, "std": 45.36750612767797}, "praca": {"mean": 62.22, "std": 8.313475660096708}, "szkola": {"mean": 13029.9, "std": 100.35371117671123}, "uczelnia": {"mean": 63.28, "std": 9.833387524352004}}, "travels_num": {"mean": 31500.12, "std": 218.6985288716233}, "pub_trans_comfort": {"mean": 2.6356936096937518, "std": 0.005949268432362485}, "pub_trans_punctuality": {"mean": 2.5312508928600477, "std": 0.0063625681958572565}, "bicycle_infrastr_comfort": {"mean": 2.6565470517229017, "std": 0.005698577130883263}, "pedestrian_inconvenience": {"mean": 1.5314335902857876, "std": 0.007245944776625515}, "household_persons": {"mean": 2.904985290151195, "std": 0.011534304798656818}, "household_cars": {"mean": 1.048598419383145, "std": 0.006066111253475336}, "household_bicycles": {"mean": 1.5357199776480404, "std": 0.011536424868960811}}, "6-15_M": {"modal_split": {"car_driver": {"mean": 0, "std": 0.0}, "car_passenger": {"mean": 8731.98, "std": 137.05480655562576}, "public": {"mean": 7720.16, "std": 132.1587419023974}, "pedestrian": {"mean": 12622.4, "std": 118.97847515841009}, "bicycle": {"mean": 3116.26, "std": 87.11095669036246}}, "dest_place_type": {"dom": {"mean": 16408.68, "std": 115.93725255763242}, "inne": {"mean": 2454.02, "std": 60.400530474762}, "praca": {"mean": 137.18, "std": 12.291842325506051}, "szkola": {"mean": 13116.12, "std": 92.43345979566013}, "uczelnia": {"mean": 74.8, "std": 11.46778985165113}}, "travels_num": {"mean": 32190.8, "std": 221.2567997340905}, "pub_trans_comfort": {"mean": 2.637219225472541, "std": 0.0061720528148583136}, "pub_trans_punctuality": {"mean": 2.5307326145343967, "std": 0.0049261082039386275}, "bicycle_infrastr_comfort": {"mean": 2.6577817827861083, "std": 0.005317556333750524}, "pedestrian_inconvenience": {"mean": 1.5282714475489918, "std": 0.008940176090420963}, "household_persons": {"mean": 2.903321744778454, "std": 0.01128015322475222}, "household_cars": {"mean": 1.0479464409401622, "std": 0.006759572989915172}, "household_bicycles": {"mean": 1.5340601558698996, "std": 0.011716541021279671}}, "16-19_K": {"modal_split": {"car_driver": {"mean": 289.6, "std": 16.330764757077986}, "car_passenger": {"mean": 2050.52, "std": 68.31865314353715}, "public": {"mean": 4487.72, "std": 92.36529960666273}, "pedestrian": {"mean": 1869.16, "std": 53.747087249032404}, "bicycle": {"mean": 1225.94, "std": 35.6115149916428}}, "dest_place_type": {"dom": {"mean": 5055.2, "std": 68.52409080322163}, "inne": {"mean": 1004.06, "std": 21.79628315065836}, "praca": {"mean": 337.48, "std": 18.51115493811386}, "szkola": {"mean": 2888.82, "std": 54.10333649977756}, "uczelnia": {"mean": 637.38, "std": 27.542834914039634}}, "travels_num": {"mean": 9922.94, "std": 131.57994543552724}, "pub_trans_comfort": {"mean": 2.63919791289946, "std": 0.008414142378964318}, "pub_trans_punctuality": {"mean": 2.531435862646473, "std": 0.010726287154902248}, "bicycle_infrastr_comfort": {"mean": 2.658279919380873, "std": 0.010291698254465692}, "pedestrian_inconvenience": {"mean": 1.5306322728618398, "std": 0.016423172539566065}, "household_persons": {"mean": 2.906258604457038, "std": 0.01823072164461606}, "household_cars": {"mean": 1.0479096191804498, "std": 0.010818245686866831}, "household_bicycles": {"mean": 1.5392843108004926, "std": 0.02017532095400696}}, "16-19_M": {"modal_split": {"car_driver": {"mean": 840.08, "std": 41.159639434370014}, "car_passenger": {"mean": 1702.02, "std": 61.14836090048798}, "public": {"mean": 4885.1, "std": 102.01705539681458}, "pedestrian": {"mean": 2149.26, "std": 65.64959859678022}, "bicycle": {"mean": 1509.62, "std": 67.0987362635338}}, "dest_place_type": {"dom": {"mean": 5687.94, "std": 83.33762410722264}, "inne": {"mean": 963.52, "std": 36.25096198582817}, "praca": {"mean": 222.02, "std": 16.09980352269517}, "szkola": {"mean": 3711.66, "std": 64.61932799883026}, "uczelnia": {"mean": 500.94, "std": 20.190329065052456}}, "travels_num": {"mean": 11086.08, "std": 161.99481473183022}, "pub_trans_comfort": {"mean": 2.6376528511196162, "std": 0.008874775733064248}, "pub_trans_punctuality": {"mean": 2.529406053573032, "std": 0.012040491758347562}, "bicycle_infrastr_comfort": {"mean": 2.655774972776111, "std": 0.009909792204186613}, "pedestrian_inconvenience": {"mean": 1.5294320637775791, "std": 0.014037167616093747}, "household_persons": {"mean": 2.903808436184716, "std": 0.017309379591592417}, "household_cars": {"mean": 1.0470935582618124, "std": 0.009366797418503766}, "household_bicycles": {"mean": 1.5363203187313348, "std": 0.01939029662413653}}, "20-24_K": {"modal_split": {"car_driver": {"mean": 2663.98, "std": 72.99580362554258}, "car_passenger": {"mean": 1414.54, "std": 40.85075374619975}, "public": {"mean": 6677.22, "std": 117.7959650741701}, "pedestrian": {"mean": 2585.42, "std": 61.27392160934173}, "bicycle": {"mean": 1786.46, "std": 66.83400393237453}}, "dest_place_type": {"dom": {"mean": 7781.78, "std": 90.32306867403187}, "inne": {"mean": 2327.08, "std": 44.78877410372253}, "praca": {"mean": 1336.02, "std": 33.17577798481837}, "szkola": {"mean": 319.92, "std": 11.11505689575714}, "uczelnia": {"mean": 3362.82, "std": 57.30750921340848}}, "travels_num": {"mean": 15127.62, "std": 177.01549453684117}, "pub_trans_comfort": {"mean": 2.6373650080910025, "std": 0.007875274852537284}, "pub_trans_punctuality": {"mean": 2.528712196330457, "std": 0.008323762626591293}, "bicycle_infrastr_comfort": {"mean": 2.6572910044550793, "std": 0.01038917402520269}, "pedestrian_inconvenience": {"mean": 1.5278634390824362, "std": 0.01398074894596355}, "household_persons": {"mean": 2.9050389397904204, "std": 0.014415055319610076}, "household_cars": {"mean": 1.0485027836904064, "std": 0.009387377879745215}, "household_bicycles": {"mean": 1.5398976349409537, "std": 0.017285887001407638}}, "20-24_M": {"modal_split": {"car_driver": {"mean": 3459.26, "std": 89.40250875354992}, "car_passenger": {"mean": 391.92, "std": 23.669355026002265}, "public": {"mean": 6253.2, "std": 126.03692364719547}, "pedestrian": {"mean": 2448.68, "std": 71.35580293322259}, "bicycle": {"mean": 1877.74, "std": 81.59477024057513}}, "dest_place_type": {"dom": {"mean": 7400.56, "std": 109.1198853910464}, "inne": {"mean": 2120.22, "std": 49.98787199850355}, "praca": {"mean": 1329.64, "std": 41.313515108403024}, "szkola": {"mean": 226.56, "std": 13.386194533235823}, "uczelnia": {"mean": 3353.82, "std": 58.83379911553687}}, "travels_num": {"mean": 14430.8, "std": 219.5317837617885}, "pub_trans_comfort": {"mean": 2.637118096436744, "std": 0.008407731732816023}, "pub_trans_punctuality": {"mean": 2.530565686483822, "std": 0.008239312212427614}, "bicycle_infrastr_comfort": {"mean": 2.6556907725942445, "std": 0.008371177697354388}, "pedestrian_inconvenience": {"mean": 1.5312533782272861, "std": 0.0126198211423533}, "household_persons": {"mean": 2.90109660945048, "std": 0.014342753900737186}, "household_cars": {"mean": 1.0469813491858233, "std": 0.008517565443723013}, "household_bicycles": {"mean": 1.5390888831208125, "std": 0.01756693267832277}}, "25-44_K": {"modal_split": {"car_driver": {"mean": 45251.18, "std": 375.0340768190408}, "car_passenger": {"mean": 7821.4, "std": 107.30730237433585}, "public": {"mean": 35775.16, "std": 279.9597172189351}, "pedestrian": {"mean": 19866.86, "std": 199.60880210439373}, "bicycle": {"mean": 10555.58, "std": 128.351095334124}}, "dest_place_type": {"dom": {"mean": 61435.96, "std": 283.5122975412934}, "inne": {"mean": 19496.38, "std": 160.60204207408867}, "praca": {"mean": 33267, "std": 217.30294850409055}, "szkola": {"mean": 3720.16, "std": 75.76584767208368},