{
    "16-19_K": {
        "0": 0.23837209302325582,
        "1": 0.09883720930232558,
        "2": 0.22674418604651161,
        "3": 0.22093023255813954,
        "4": 0.1686046511627907,
        "5": 0.011627906976744186,
        "6": 0.005813953488372093,
        "7": 0.005813953488372093,
        "8": 0.011627906976744186,
        "9": 0.005813953488372093,
        "10": 0.005813953488372093
    },
    "16-19_M": {
        "0": 0.18110236220472442,
        "1": 0.14960629921259844,
        "2": 0.33070866141732286,
        "3": 0.1889763779527559,
        "4": 0.1141732283464567,
        "5": 0.007874015748031496,
        "6": 0.007874015748031496,
        "7": 0.003937007874015748,
        "8": 0.007874015748031496,
        "9": 0.003937007874015748,
        "10": 0.003937007874015748
    },
    "20-24_K": {
        "0": 0.43040293040293043,
        "1": 0.21978021978021978,
        "2": 0.16117216117216118,
        "3": 0.10989010989010989,
        "4": 0.047619047619047616,
        "5": 0.003663003663003663,
        "6": 0.01098901098901099,
        "7": 0.007326007326007326,
        "8": 0.005494505494505495,
        "9": 0.0018315018315018315,
        "10": 0.0018315018315018315
    },
    "20-24_M": {
        "0": 0.42418032786885246,
        "1": 0.2520491803278688,
        "2": 0.1290983606557377,
        "3": 0.09016393442622951,
        "4": 0.08811475409836066,
        "5": 0.004098360655737705,
        "6": 0.0020491803278688526,
        "7": 0.0020491803278688526,
        "8": 0.004098360655737705,
        "9": 0.0020491803278688526,
        "10": 0.0020491803278688526
    },
    "25-44_K": {
        "0": 0.2462253193960511,
        "1": 0.20847851335656215,
        "2": 0.2770034843205575,
        "3": 0.1440185830429733,
        "4": 0.09291521486643438,
        "5": 0.01684088269454123,
        "6": 0.007549361207897794,
        "7": 0.0023228803716608595,
        "8": 0.003484320557491289,
        "9": 0.0005807200929152149,
        "10": 0.0005807200929152149
    },
    "25-44_M": {
        "0": 0.2387140902872777,
        "1": 0.23119015047879618,
        "2": 0.2948016415868673,
        "3": 0.1409028727770178,
        "4": 0.0677154582763338,
        "5": 0.01709986320109439,
        "6": 0.006155950752393981,
        "7": 0.0013679890560875513,
        "8": 0.0006839945280437756,
        "9": 0.0006839945280437756,
        "10": 0.0006839945280437756
    },
    "45-60_K": {
        "0": 0.29519071310116085,
        "1": 0.20066334991708126,
        "2": 0.25456053067993367,
        "3": 0.13349917081260365,
        "4": 0.08623548922056384,
        "5": 0.015754560530679935,
        "6": 0.0024875621890547263,
        "7": 0.001658374792703151,
        "8": 0.003316749585406302,
        "9": 0.0008291873963515755,
        "10": 0.005804311774461028
    },
    "45-65_M": {
        "0": 0.2732606873428332,
        "1": 0.22715842414082146,
        "2": 0.26236378876781224,
        "3": 0.1357921207041073,
        "4": 0.07208717518860017,
        "5": 0.010058675607711651,
        "6": 0.0075440067057837385,
        "7": 0.003352891869237217,
        "8": 0.006705783738474434,
        "9": 0.0008382229673093043,
        "10": 0.0008382229673093043
    },
    "6-15_K": {
        "0": 0.10642201834862386,
        "1": 0.15412844036697249,
        "2": 0.22935779816513763,
        "3": 0.24220183486238533,
        "4": 0.22752293577981653,
        "5": 0.029357798165137616,
        "6": 0.001834862385321101,
        "7": 0.001834862385321101,
        "8": 0.001834862385321101,
        "9": 0.001834862385321101,
        "10": 0.003669724770642202
    },
    "6-15_M": {
        "0": 0.17298578199052134,
        "1": 0.08293838862559241,
        "2": 0.24644549763033174,
        "3": 0.1966824644549763,
        "4": 0.23696682464454977,
        "5": 0.04265402843601896,
        "6": 0.002369668246445498,
        "7": 0.002369668246445498,
        "8": 0.011848341232227487,
        "9": 0.002369668246445498,
        "10": 0.002369668246445498
    },
    "61-x_K": {
        "0": 0.5570809248554913,
        "1": 0.1936416184971098,
        "2": 0.18497109826589594,
        "3": 0.04263005780346821,
        "4": 0.013728323699421965,
        "5": 0.002890173410404624,
        "6": 0.001445086705202312,
        "7": 0.000722543352601156,
        "8": 0.001445086705202312,
        "9": 0.000722543352601156,
        "10": 0.000722543352601156
    },
    "66-x_M": {
        "0": 0.5516759776536313,
        "1": 0.17458100558659218,
        "2": 0.1941340782122905,
        "3": 0.04189944134078212,
        "4": 0.02653631284916201,
        "5": 0.002793296089385475,
        "6": 0.0013966480446927375,
        "7": 0.0013966480446927375,
        "8": 0.002793296089385475,
        "9": 0.0013966480446927375,
        "10": 0.0013966480446927375
    }
}