{
    "16-19_K": {
        "dom": {
            "dom": 0.010752688172043012,
            "inne": 0.1935483870967742,
            "praca": 0.06451612903225806,
            "szkola": 0.6021505376344086,
            "uczelnia": 0.12903225806451613
        },
        "inne": {
            "dom": 0.6296296296296297,
            "inne": 0.2222222222222222,
            "praca": 0.037037037037037035,
            "szkola": 0.07407407407407407,
            "uczelnia": 0.037037037037037035
        },
        "praca": {
            "dom": 0.5555555555555556,
            "inne": 0.1111111111111111,
            "praca": 0.1111111111111111,
            "szkola": 0.1111111111111111,
            "uczelnia": 0.1111111111111111
        },
        "szkola": {
            "dom": 0.9016393442622951,
            "inne": 0.04918032786885246,
            "praca": 0.01639344262295082,
            "szkola": 0.01639344262295082,
            "uczelnia": 0.01639344262295082
        },
        "uczelnia": {
            "dom": 0.7333333333333333,
            "inne": 0.06666666666666667,
            "praca": 0.06666666666666667,
            "szkola": 0.06666666666666667,
            "uczelnia": 0.06666666666666667
        }
    },
    "16-19_M": {
        "dom": {
            "dom": 0.007575757575757576,
            "inne": 0.16666666666666666,
            "praca": 0.03787878787878788,
            "szkola": 0.696969696969697,
            "uczelnia": 0.09090909090909091
        },
        "inne": {
            "dom": 0.7948717948717948,
            "inne": 0.1282051282051282,
            "praca": 0.02564102564102564,
            "szkola": 0.02564102564102564,
            "uczelnia": 0.02564102564102564
        },
        "praca": {
            "dom": 0.5,
            "inne": 0.125,
            "praca": 0.125,
            "szkola": 0.125,
            "uczelnia": 0.125
        },
        "szkola": {
            "dom": 0.8924731182795699,
            "inne": 0.07526881720430108,
            "praca": 0.010752688172043012,
            "szkola": 0.010752688172043012,
            "uczelnia": 0.010752688172043012
        },
        "uczelnia": {
            "dom": 0.7333333333333333,
            "inne": 0.06666666666666667,
            "praca": 0.06666666666666667,
            "szkola": 0.06666666666666667,
            "uczelnia": 0.06666666666666667
        }
    },
    "20-24_K": {
        "dom": {
            "dom": 0.007042253521126761,
            "inne": 0.2887323943661972,
            "praca": 0.18661971830985916,
            "szkola": 0.04225352112676056,
            "uczelnia": 0.4753521126760563
        },
        "inne": {
            "dom": 0.7746478873239436,
            "inne": 0.18309859154929578,
            "praca": 0.007042253521126761,
            "szkola": 0.007042253521126761,
            "uczelnia": 0.028169014084507043
        },
        "praca": {
            "dom": 0.8620689655172413,
            "inne": 0.08620689655172414,
            "praca": 0.017241379310344827,
            "szkola": 0.017241379310344827,
            "uczelnia": 0.017241379310344827
        },
        "szkola": {
            "dom": 0.7333333333333333,
            "inne": 0.06666666666666667,
            "praca": 0.06666666666666667,
            "szkola": 0.06666666666666667,
            "uczelnia": 0.06666666666666667
        },
        "uczelnia": {
            "dom": 0.7588652482269503,
            "inne": 0.20567375886524822,
            "praca": 0.02127659574468085,
            "szkola": 0.0070921985815602835,
            "uczelnia": 0.0070921985815602835
        }
    },
    "20-24_M": {
        "dom": {
            "dom": 0.0037593984962406013,
            "inne": 0.2857142857142857,
            "praca": 0.19172932330827067,
            "szkola": 0.03007518796992481,
            "uczelnia": 0.48872180451127817
        },
        "inne": {
            "dom": 0.7857142857142857,
            "inne": 0.16071428571428573,
            "praca": 0.026785714285714284,
            "szkola": 0.008928571428571428,
            "uczelnia": 0.017857142857142856
        },
        "praca": {
            "dom": 0.896551724137931,
            "inne": 0.05172413793103448,
            "praca": 0.017241379310344827,
            "szkola": 0.017241379310344827,
            "uczelnia": 0.017241379310344827
        },
        "szkola": {
            "dom": 0.6363636363636364,
            "inne": 0.09090909090909091,
            "praca": 0.09090909090909091,
            "szkola": 0.09090909090909091,
            "uczelnia": 0.09090909090909091
        },
        "uczelnia": {
            "dom": 0.8549618320610687,
            "inne": 0.12213740458015267,
            "praca": 0.007633587786259542,
            "szkola": 0.007633587786259542,
            "uczelnia": 0.007633587786259542
        }
    },
    "25-44_K": {
        "dom": {
            "dom": 0.002909796314258002,
            "inne": 0.3288069835111542,
            "praca": 0.5819592628516004,
            "szkola": 0.06304558680892337,
            "uczelnia": 0.023278370514064017
        },
        "inne": {
            "dom": 0.8866213151927438,
            "inne": 0.07256235827664399,
            "praca": 0.034013605442176874,
            "szkola": 0.0045351473922902496,
            "uczelnia": 0.0022675736961451248
        },
        "praca": {
            "dom": 0.8726415094339622,
            "inne": 0.09276729559748427,
            "praca": 0.012578616352201259,
            "szkola": 0.020440251572327043,
            "uczelnia": 0.0015723270440251573
        },
        "szkola": {
            "dom": 0.6707317073170732,
            "inne": 0.07317073170731707,
            "praca": 0.23170731707317074,
            "szkola": 0.012195121951219513,
            "uczelnia": 0.012195121951219513
        },
        "uczelnia": {
            "dom": 0.7037037037037037,
            "inne": 0.18518518518518517,
            "praca": 0.037037037037037035,
            "szkola": 0.037037037037037035,
            "uczelnia": 0.037037037037037035
        }
    },
    "25-44_M": {
        "dom": {
            "dom": 0.0010526315789473684,
            "inne": 0.2168421052631579,
            "praca": 0.7357894736842105,
            "szkola": 0.018947368421052633,
            "uczelnia": 0.02736842105263158
        },
        "inne": {
            "dom": 0.8862068965517241,
            "inne": 0.08275862068965517,
            "praca": 0.02413793103448276,
            "szkola": 0.0034482758620689655,
            "uczelnia": 0.0034482758620689655
        },
        "praca": {
            "dom": 0.8914835164835165,
            "inne": 0.08241758241758242,
            "praca": 0.020604395604395604,
            "szkola": 0.004120879120879121,
            "uczelnia": 0.0013736263736263737
        },
        "szkola": {
            "dom": 0.391304347826087,
            "inne": 0.08695652173913043,
            "praca": 0.43478260869565216,
            "szkola": 0.043478260869565216,
            "uczelnia": 0.043478260869565216
        },
        "uczelnia": {
            "dom": 0.8620689655172413,
            "inne": 0.034482758620689655,
            "praca": 0.034482758620689655,
            "szkola": 0.034482758620689655,
            "uczelnia": 0.034482758620689655
        }
    },
    "45-60_K": {
        "dom": {
            "dom": 0.0029895366218236174,
            "inne": 0.42152466367713004,
            "praca": 0.554559043348281,
            "szkola": 0.01943198804185351,
            "uczelnia": 0.0014947683109118087
        },
        "inne": {
            "dom": 0.8676056338028169,
            "inne": 0.11267605633802817,
            "praca": 0.014084507042253521,
            "szkola": 0.0028169014084507044,
            "uczelnia": 0.0028169014084507044
        },
        "praca": {
            "dom": 0.8862433862433863,
            "inne": 0.09259259259259259,
            "praca": 0.015873015873015872,
            "szkola": 0.0026455026455026454,