{
    "16-19_K": {
        "0": 0.1941747572815534,
        "1": 0.019417475728155338,
        "2": 0.6699029126213593,
        "3": 0.038834951456310676,
        "4": 0.05825242718446602,
        "5": 0.009708737864077669,
        "6": 0.009708737864077669
    },
    "16-19_M": {
        "0": 0.08148148148148149,
        "1": 0.02962962962962963,
        "2": 0.762962962962963,
        "3": 0.05925925925925926,
        "4": 0.044444444444444446,
        "5": 0.007407407407407408,
        "6": 0.014814814814814815
    },
    "20-24_K": {
        "0": 0.15753424657534246,
        "1": 0.030821917808219176,
        "2": 0.6267123287671232,
        "3": 0.0958904109589041,
        "4": 0.07876712328767123,
        "5": 0.003424657534246575,
        "6": 0.00684931506849315
    },
    "20-24_M": {
        "0": 0.19931271477663232,
        "1": 0.03436426116838488,
        "2": 0.5979381443298969,
        "3": 0.06872852233676977,
        "4": 0.07903780068728522,
        "5": 0.006872852233676976,
        "6": 0.013745704467353952
    },
    "25-44_K": {
        "0": 0.16838487972508592,
        "1": 0.023195876288659795,
        "2": 0.6563573883161512,
        "3": 0.07216494845360824,
        "4": 0.06529209621993128,
        "5": 0.006872852233676976,
        "6": 0.007731958762886598
    },
    "25-44_M": {
        "0": 0.15992647058823528,
        "1": 0.02297794117647059,
        "2": 0.7003676470588235,
        "3": 0.06341911764705882,
        "4": 0.042279411764705885,
        "5": 0.007352941176470588,
        "6": 0.003676470588235294
    },
    "45-60_K": {
        "0": 0.20124223602484473,
        "1": 0.02360248447204969,
        "2": 0.6596273291925466,
        "3": 0.06086956521739131,
        "4": 0.043478260869565216,
        "5": 0.009937888198757764,
        "6": 0.0012422360248447205
    },
    "45-65_M": {
        "0": 0.18851570964247022,
        "1": 0.0314192849404117,
        "2": 0.6890574214517876,
        "3": 0.044420368364030335,
        "4": 0.04225352112676056,
        "5": 0.0032502708559046588,
        "6": 0.0010834236186348862
    },
    "6-15_K": {
        "0": 0.18085106382978725,
        "1": 0.010638297872340425,
        "2": 0.7154255319148937,
        "3": 0.026595744680851064,
        "4": 0.061170212765957445,
        "5": 0.0026595744680851063,
        "6": 0.0026595744680851063
    },
    "6-15_M": {
        "0": 0.13745704467353953,
        "1": 0.01718213058419244,
        "2": 0.7663230240549829,
        "3": 0.03436426116838488,
        "4": 0.037800687285223365,
        "5": 0.003436426116838488,
        "6": 0.003436426116838488
    },
    "61-x_K": {
        "0": 0.33589743589743587,
        "1": 0.023076923076923078,
        "2": 0.5863247863247864,
        "3": 0.018803418803418803,
        "4": 0.03076923076923077,
        "5": 0.004273504273504274,
        "6": 0.0008547008547008547
    },
    "66-x_M": {
        "0": 0.3885542168674699,
        "1": 0.01355421686746988,
        "2": 0.5421686746987951,
        "3": 0.024096385542168676,
        "4": 0.02710843373493976,
        "5": 0.0030120481927710845,
        "6": 0.0015060240963855422
    }
}