{"car_driver": {"mean": 23.049151071638427, "std": 0.06709762008409809, "median": 23.047079608289007, "list": [22.966430655658705, 23.118281850497578, 23.128611973702764, 23.075014710325853, 23.020478791562798, 22.915209623478848, 23.034257264822337, 22.98846070337282, 23.154598352667453, 23.023648057704357, 23.064999395660205, 22.999706660708103, 22.998424402581563, 23.024338974143813, 23.01080849215974, 23.11387736186215, 23.047849461795597, 23.064461236212967, 23.047197665109227, 22.963024973216868, 23.067729590215, 22.980199435480028, 23.042719344384683, 23.047555840157415, 23.163581850296115, 23.014803990088314, 23.01787570834627, 23.136497900130102, 23.15926630190098, 23.055280604206914, 23.12479694714329, 22.84912473922206, 22.967026572361146, 23.004903862666403, 23.15124469342435, 23.144202878591088, 22.979029051225304, 23.08943485199311, 22.99732079507789, 23.018712206580222, 23.006441298945816, 23.14992262194993, 23.11043170307185, 22.98008867631659, 23.023788083842916, 22.914520076202415, 23.142580532527788, 22.93381420653801, 23.153932344862895, 23.104475524771857, 23.036404259788537, 23.06428074794721, 22.945153255731203, 23.053677747293154, 23.05039647203494, 23.139773138024132, 23.011281764396752, 23.01202928759391, 23.055158459143374, 23.155056237077584, 23.054985278905068, 22.933507239922164, 23.042909621226094, 23.01499093593491, 22.98281587284085, 23.063365345459484, 23.08498215437449, 23.090291592795005, 23.00203282853722, 22.948597422611027, 23.002782257124636, 23.13412580947494, 23.03330332078745, 23.152755420259368, 23.108386844863954, 23.026995272805163, 22.987397051185567, 23.07185352751392, 23.015201538601815, 23.078277228625755, 23.119260986074426, 22.983906904498173, 23.0028408518526, 22.958499605187153, 23.098440959125263, 23.040865078624226, 23.01934594795145, 23.191313421460197, 23.16164306862238, 23.078038812954592, 23.059788445614917, 23.10423694407778, 23.017970093335016, 22.97281538164694, 23.111906596941342, 23.106248594903903, 23.046221601134896, 23.046961551468787, 23.07496893611096, 23.07608260961346]}, "car_passenger": {"mean": 8.193111454843741, "std": 0.03687433106413906, "median": 8.19373514255987, "list": [8.207675565181933, 8.24131889947485, 8.210729874461551, 8.279660522786427, 8.184950873350884, 8.156898649135522, 8.226490179894876, 8.206828255654468, 8.171125762079537, 8.193017849210902, 8.205132011136817, 8.158856463895441, 8.207516881779334, 8.16667302370327, 8.199837952052873, 8.182592345535781, 8.227270365945067, 8.2761954946368, 8.196051187990054, 8.211056373325592, 8.189872559365636, 8.220385208093925, 8.16252948063186, 8.29269275297171, 8.24143202766687, 8.188152572166803, 8.225772093461964, 8.149656519767595, 8.17449429810855, 8.182127773339657, 8.171534820324016, 8.150462252062397, 8.151573022414313, 8.134730075540263, 8.155882150296003, 8.268586574908838, 8.168124072985607, 8.228002150364674, 8.234478084527327, 8.136238830606123, 8.146504567003927, 8.248924127111996, 8.24484961740923, 8.21131233097337, 8.117745777220959, 8.200337383131055, 8.179851129227659, 8.150249553686907, 8.22913828798221, 8.20979009125638, 8.180190158522018, 8.21825462757677, 8.184652400074551, 8.154878357173768, 8.130538947546961, 8.211742084157928, 8.175147061316517, 8.199020778245924, 8.19614064707155, 8.23082170094582, 8.19522028593406, 8.161415005805724, 8.234607076918511, 8.19664836195233, 8.192570791224728, 8.193315630514457, 8.195918297955537, 8.238825353072054, 8.163444928585896, 8.133539230514048, 8.157226134145903, 8.239044787765955, 8.1353088587915, 8.238475474023662, 8.156600274171439, 8.20016669246936, 8.26187422490275, 8.145942710016477, 8.227575663119147, 8.137807287408176, 8.199259201016632, 8.189250898658484, 8.170497769416993, 8.216452831788528, 8.19067721402616, 8.225523807907399, 8.2088302326814, 8.203271372781304, 8.154474579434495, 8.128698929626376, 8.20380212657004, 8.219348420790848, 8.194154654605281, 8.168425471824133, 8.190177731633938, 8.130469270283225, 8.164157615024667, 8.181934798534021, 8.193213669599269, 8.216302340407703]}, "public": {"mean": 37.483054943884895, "std": 0.07397891258834945, "median": 37.48381663006701, "list": [37.473005248023384, 37.42756912217594, 37.276151723304395, 37.39529163552318, 37.5637248568772, 37.58366077067517, 37.37488464541776, 37.48306704866204, 37.45905264062085, 37.455037734908956, 37.39538029937085, 37.544146504444036, 37.50229134459809, 37.43277433791464, 37.509015902940696, 37.41999866377221, 37.46905576482487, 37.38929819855448, 37.511172486243545, 37.59906579590142, 37.418786792284905, 37.49651808741057, 37.51283149804028, 37.483196003511345, 37.352288220588584, 37.605947010610585, 37.512492435651374, 37.386689664232705, 37.45705705069466, 37.49324998859527, 37.39230923084901, 37.630600768831606, 37.51268310488756, 37.57688124511045, 37.42994790148452, 37.42274353927287, 37.617740111315996, 37.483438382316216, 37.42192712139022, 37.484194877817814, 37.445721773201825, 37.33904305611498, 37.43086299299016, 37.477255341745455, 37.5480528605274, 37.550763665552296, 37.490781545102976, 37.46114637797312, 37.298522382632825, 37.43333750029134, 37.578799510281335, 37.433236007208976, 37.596367271556616, 37.529877695870184, 37.497667811559175, 37.31933563212787, 37.5261701334147, 37.583731093577384, 37.51765723957428, 37.456358625320604, 37.437415453171, 37.618752220225126, 37.505802750980905, 37.53306979912845, 37.57543501032659, 37.48981946518257, 37.45126853230223, 37.4492447319029, 37.53193195061404, 37.5742570584613, 37.52836821573194, 37.51797066170203, 37.434022773477395, 37.39561916601586, 37.58727012677246, 37.50644183684073, 37.455031109886264, 37.60541219226633, 37.46609923303159, 37.48161392368148, 37.39929830228254, 37.53633890565253, 37.523740041377394, 37.52958446610174, 37.432710631002905, 37.43635383871214, 37.49870143637038, 37.40115980981921, 37.39438143149215, 37.54322255513324, 37.46083847800434, 37.544982857094276, 37.56344585370407, 37.60111274375725, 37.41727548934056, 37.54734908737683, 37.48501979715853, 37.45368461115216, 37.50498244584679, 37.41660911913559]}, "pedestrian": {"mean": 21.65894939198775, "std": 0.056919414601935184, "median": 21.662926566798006,