{"car_driver": {"mean": 24.839779448242925, "std": 0.06133028654656676, "median": 24.844013029349895, "list": [24.84949197909166, 24.80961796371, 24.735450016239177, 24.850273413766168, 24.87565560759589, 24.914023812702226, 24.79143388213115, 24.843553314888126, 24.865257399711645, 24.8714358952042, 24.907936756600556, 24.85743906016204, 24.79732593126245, 24.821110828673106, 24.89975852967158, 24.845565309945414, 24.698795820131934, 24.888643311400724, 24.865461307286164, 24.74915750186192, 24.927288171856233, 24.85320364421887, 24.794058713145255, 24.852545181090544, 24.778950287764225, 24.847326425474012, 24.804337416787785, 24.841617120709945, 24.86437067037597, 24.805354024806412, 24.798262639225516, 24.85471138828979, 24.798147702083092, 24.86898699888786, 24.873819089675568, 24.828145111312388, 24.8289792248898, 24.848785198739453, 24.83168426230588, 24.798456629309822, 24.840329434515983, 24.8297453647315, 24.890197316428768, 24.787784541734556, 24.843584723661934, 24.846898878887558, 24.736744932260365, 24.852237873964075, 24.90690018937709, 24.954684379750724, 24.949714420365154, 24.8360400576851, 24.839411575965816, 24.861410598162895, 24.931402277401983, 24.828451023151036, 24.819019911788452, 24.765148118588144, 24.75654847252646, 24.806189228825986, 24.8363595903294, 24.931885881839484, 24.922842288577264, 24.982809920161632, 24.795094781581053, 24.802522958626785, 24.88294597873479, 24.868861944213076, 24.82060647405653, 24.965292544870454, 24.873085134831125, 24.798095633778335, 24.857399289407123, 24.890789904463016, 24.83012661554569, 24.892509281965182, 24.951425832124283, 24.86831270479974, 24.73539015578252, 24.804333589771304, 24.851665374036354, 24.892307724913927, 24.90150567342152, 24.915899902855372, 24.844441335037853, 24.82611248788988, 24.646351673562247, 24.87405461382407, 24.83615364664659, 24.784223676559524, 24.879941167993355, 24.766333839693935, 24.8844722182182, 24.654914811073287, 24.760641543269156, 24.83737070375479, 24.81445272158958, 24.720060782865506, 24.86594676883477, 24.791542790035603]}, "car_passenger": {"mean": 8.653315829692232, "std": 0.037517020745197596, "median": 8.646793833837581, "list": [8.630257706212161, 8.616834617036051, 8.601350505112688, 8.730610698173642, 8.643801629263633, 8.67040448538246, 8.686539184587765, 8.648285793972892, 8.623632431515563, 8.609045181327133, 8.732962081269696, 8.628841732736229, 8.663601305250667, 8.679355194034908, 8.637150798591264, 8.646646432285676, 8.604605497089059, 8.760976890311545, 8.645950920115467, 8.641207561242013, 8.694809445229405, 8.636090322840632, 8.642112740264835, 8.608262140013352, 8.666376626579739, 8.619504730842339, 8.610213014792812, 8.654945115473062, 8.650931792828516, 8.643501982284164, 8.688921572053141, 8.635296367519098, 8.653359465278433, 8.64913748228157, 8.603393141054633, 8.643858617639426, 8.703829697804034, 8.639151502829453, 8.614939701690435, 8.669362754721426, 8.602596290044868, 8.63559047378979, 8.676901498570922, 8.642638403116491, 8.658137459089557, 8.648672769462223, 8.717976469389834, 8.631216478538313, 8.617610798307044, 8.669346935964871, 8.66525354015788, 8.629152998926346, 8.659450546414995, 8.643691529279929, 8.685510719056808, 8.63681183150443, 8.694789534719636, 8.602102670257677, 8.71275104200115, 8.618168408738333, 8.69707582508994, 8.600916945267182, 8.60634612896315, 8.69478482688953, 8.664366683095121, 8.662285117214573, 8.645415582833136, 8.725581829087108, 8.579004124938825, 8.642235870698423, 8.679024241163711, 8.629212435189228, 8.663171982337962, 8.644205534300394, 8.741644094594996, 8.653174935251341, 8.622445083615446, 8.672897672286457, 8.70597387126825, 8.668980966368478, 8.630108538564883, 8.637953671922439, 8.58370508166104, 8.670794252771168, 8.690614750883531, 8.627173726397194, 8.724616427788465, 8.646941235389487, 8.666204406993177, 8.65096504894884, 8.640421149004348, 8.700427102624419, 8.629713321519116, 8.665331035595134, 8.569897550442215, 8.686971554032095, 8.719636394064606, 8.643014050209445, 8.667397448483062, 8.60252321461315]}, "public": {"mean": 34.76057244628602, "std": 0.06985762870642012, "median": 34.76138135931373, "list": [34.72655102532098, 34.69368715113413, 34.75661401494004, 34.61939067789254, 34.76327178502107, 34.7327904596627, 34.676678828831214, 34.76928819807142, 34.687049444491564, 34.680200437940556, 34.750315169079876, 34.81684956471923, 34.74424715006145, 34.73129554312828, 34.70947736573582, 34.776137282818766, 34.68791627526841, 34.60821922448323, 34.8864495551381, 34.75181662833358, 34.72108950174657, 34.73089897589857, 34.81377818771668, 34.7016885792435, 34.76395076940014, 34.83117749527445, 34.85897886801727, 34.75462172946372, 34.71994304680523, 34.81485412829916, 34.883277690775614, 34.813913708657815, 34.79372281533154, 34.64298625887512, 34.84976395033901, 34.845889413272744, 34.754181185963404, 34.764473416692084, 34.847333880839784, 34.7634060697, 34.73651176006582, 34.787549752482064, 34.78176120750112, 34.85566589002054, 34.755267930977155, 34.81122132408564, 34.768025703711245, 34.72767771476794, 34.834263272283586, 34.636601037147685, 34.6825613324856, 34.7970962625392, 34.87430223984463, 34.72258773791535, 34.594245000954224, 34.76891857685574, 34.77724833873913, 34.755216663645896, 34.8569387791869, 34.81027949441774, 34.83492902822446, 34.69317926618955, 34.79457488487327, 34.663053212847146, 34.72371049884206, 34.77630572222446, 34.667274143219664, 34.74284224648232, 34.89344437688424, 34.708197535001766, 34.717688706274856, 34.791990808846904, 34.808348671585506, 34.664444498597724, 34.74498857620035, 34.75093614113883, 34.85281390790847, 34.709417816940864, 34.71303861231783, 34.87630576731115, 34.64726025945845, 34.87894487533129, 34.78420234691402, 34.88329918423966, 34.75949093360639, 34.78757210422439, 34.617159968632976, 34.79721413474353, 34.77237239780444, 34.79440215474464, 34.749243406830956, 34.77202642121075, 34.7525585694057, 34.80999091657682, 34.86945772297767, 34.70723550839321, 34.6606658835567, 34.82213912028035, 34.66185085690176, 34.83055796684399]}, "pedestrian": {"mean": 21.560487877069097, "std": 0.06778530644653243, "median": 21.562548277792125,