{"car_driver": {"mean": 27.047178952565975, "std": 0.06243655963623868, "median": 27.042780463851606, "list": [27.138061085497085, 26.99182969760539, 27.011157590773934, 26.968298270487235, 27.019440436829445, 26.9908088781063, 26.95755397515106, 27.16152055398161, 27.09847078957538, 27.04218310239595, 27.018432471667825, 27.044151163407005, 27.01063744056733, 27.022178751807385, 27.175680773697497, 27.097037203752222, 26.927098174514818, 27.076280121519225, 27.04572992008209, 27.05668536067345, 27.041458852537108, 27.043377825307267, 27.057863066751032, 26.985253537254916, 27.120003645176023, 27.073377573303368, 27.0004527626474, 26.977655563406135, 26.946250626848073, 27.116557005808197, 27.073857069849204, 27.04966882501278, 27.083302417773442, 27.140975943329316, 27.016272414785714, 27.03169759951486, 27.113996395396022, 27.10588454838193, 27.032759364855824, 26.97216551882023, 27.024492275903828, 26.955132988096636, 26.92185356316623, 27.1427481514605, 27.01149851828683, 27.058156058452987, 27.079151360735278, 27.102940258046626, 27.001209663336827, 26.923615175186384, 27.174654776335753, 26.9936757510377, 27.108379435658758, 26.980568724900078, 27.09230443527046, 27.035928523954468, 27.061941040079496, 27.069597457627122, 27.064362577300038, 26.988527967847787, 27.084152252801104, 27.03325035938885, 27.027642328075945, 27.05861062105182, 27.11043552410663, 27.23112128146453, 27.051147943367493, 27.05797342527089, 27.022631419356617, 27.03548950012283, 27.098619811593327, 26.95277497092524, 27.084185257145037, 26.99210755849383, 27.05202630611425, 27.107130586743246, 26.957731506872523, 27.036494558200374, 27.10169198876739, 27.097759113137666, 27.127975827741928, 27.05034492476921, 27.028310688175328, 26.96437780010864, 27.019625693244166, 27.04103822922258, 27.033645305830262, 27.016849372837143, 26.969142622289215, 27.074905607703815, 27.147470011066655, 27.159338549060298, 27.123118829314652, 27.038107741808226, 27.068480260425055, 26.95970160479585, 26.94462046982323, 27.125252067855715, 27.0123168101276, 26.993491505863588]}, "car_passenger": {"mean": 9.572009721340201, "std": 0.03963346572875475, "median": 9.570489602270085, "list": [9.524015838311426, 9.581632956384004, 9.6126039569035, 9.543579016968765, 9.522729272385549, 9.652692655161152, 9.563191662706226, 9.621657950382168, 9.57625031318875, 9.582850926485962, 9.555533185336675, 9.502517623363545, 9.6587366554835, 9.546294046945926, 9.63444441743905, 9.56209896936986, 9.573177772151737, 9.533770115892548, 9.51191666233809, 9.66203398852487, 9.59302911572767, 9.56100148682307, 9.534496596415089, 9.60961756228397, 9.540824381989015, 9.516611190026927, 9.584465681757695, 9.53187227749452, 9.531483411453005, 9.495086720209565, 9.543803398413395, 9.579578496849436, 9.530542806567526, 9.509720690261103, 9.571050002539918, 9.548294894330734, 9.584834810175536, 9.523597464191083, 9.587185977876214, 9.516526656958197, 9.571760949967503, 9.523854882051184, 9.560125448218681, 9.575741905950718, 9.607438783245774, 9.639865108485864, 9.550689217346699, 9.559940426351707, 9.571368549388236, 9.576198230749005, 9.603745115159326, 9.532811348660669, 9.622581284841852, 9.60042565865271, 9.6168095691754, 9.605175705595231, 9.597363661665682, 9.635593220338983, 9.603056298052627, 9.62255911954485, 9.595316928456016, 9.602679196156341, 9.544306612239712, 9.507385461060835, 9.608965769277622, 9.591278921942537, 9.554165779067931, 9.661178031189973, 9.56242671241155, 9.560013214851459, 9.554531782645462, 9.596999527601422, 9.517745793703426, 9.603830594948287, 9.6640111208706, 9.549582412548407, 9.51268732411068, 9.511190507435645, 9.622716058798543, 9.549089321885939, 9.545434794358817, 9.554379024166455, 9.55379709259919, 9.590812202252689, 9.52467349751562, 9.569929202000251, 9.593658032187077, 9.576021377999394, 9.552535715685453, 9.584971111764512, 9.61000103683735, 9.563580730244215, 9.630936268249531, 9.565113186377335, 9.583146124566595, 9.542332859807857, 9.562901563423802, 9.598363066584001, 9.559028702443308, 9.576799382244625]}, "public": {"mean": 34.15184109865467, "std": 0.0784961976893104, "median": 34.152833717985864, "list": [34.12422739622091, 34.163563169092136, 34.217353215659394, 34.26749486613813, 34.13413784805739, 34.11997234604765, 34.13960129676149, 33.97216354419732, 34.10593636004604, 34.15715888230615, 34.15607466237158, 34.14342502782636, 34.221553965500426, 34.228390117741405, 34.04370435574699, 34.12831706208836, 34.268868449179735, 34.203825503142355, 34.19042702389269, 34.1288094473127, 34.10167535056533, 34.196085227614965, 34.149868145587654, 34.234123533007136, 34.15243829426955, 34.25530561621473, 34.273496207715205, 34.17323887180858, 34.219066571530654, 34.086494494350234, 34.156747735769436, 34.15322914170218, 34.25521766320766, 34.18469205640816, 34.135348053575356, 34.20410378848759, 34.01402638078477, 34.05974355630342, 34.02855030981996, 34.296867216530686, 34.27436684005394, 34.24870800828484, 34.15993587636692, 34.113156684518046, 34.14747154527575, 34.01355277948631, 34.195270122751275, 34.061561553614695, 34.22013756084035, 34.24001085638194, 33.96818601812372, 34.20734842741957, 34.07404579586028, 34.20574278812777, 34.059066370276284, 34.04489054648441, 34.158000395789394, 34.14004237288136, 34.10164564190417, 34.13756263831302, 34.00376129049347, 34.15201194146309, 34.09245170137179, 34.27611686776442, 34.13909441916878, 34.01792524790236, 34.06641040233923, 34.0379454329121, 34.15620407929584, 34.199569670221685, 34.22403693202564, 34.307575959784685, 34.10061211387988, 34.130596749971644, 34.025668274686346, 34.11852781866227, 34.22327064667978, 34.27952774238339, 34.128958928516575, 34.15742145454237, 34.134306102096204, 34.08414024150561, 34.26182721829254, 34.17098783014942, 34.18713640159196, 34.11606459017993, 34.27907839966063, 34.18763390387953, 34.20062221082926, 34.160935547868064, 34.027626425386856, 34.19993337110385, 34.06324382348075, 34.107457596202586, 34.04568035198074, 34.259197464361115, 34.22241186966551, 34.18897101299009, 34.140661387983236, 34.09248086485753]}, "pedestrian": {"mean": 20.490539336567604, "std": 0.055151953930770777, "median": 20.495062855117673,