{
    "16-19_K": {
        "dom": {
            "dom": 0.5,
            "inne": 0.4375,
            "uczelnia": 0.0625,
            "praca": 0.0,
            "szkola": 0.0
        },
        "inne": {
            "dom": 0.7297297297297297,
            "inne": 0.1891891891891892,
            "uczelnia": 0.0,
            "praca": 0.0,
            "szkola": 0.08108108108108109
        },
        "uczelnia": {
            "dom": 0.8,
            "inne": 0.06666666666666667,
            "uczelnia": 0.06666666666666667,
            "praca": 0.06666666666666667,
            "szkola": 0.0
        },
        "praca": {
            "dom": 0.7777777777777778,
            "inne": 0.2222222222222222,
            "uczelnia": 0.0,
            "praca": 0.0,
            "szkola": 0.0
        },
        "szkola": {
            "dom": 0.855072463768116,
            "inne": 0.13043478260869565,
            "uczelnia": 0.0,
            "praca": 0.0,
            "szkola": 0.014492753623188406
        }
    },
    "16-19_M": {
        "dom": {
            "dom": 0.5,
            "inne": 0.4375,
            "uczelnia": 0.0,
            "praca": 0.0625,
            "szkola": 0.0
        },
        "inne": {
            "dom": 0.8222222222222222,
            "inne": 0.15555555555555556,
            "uczelnia": 0.0,
            "praca": 0.0,
            "szkola": 0.022222222222222223
        },
        "uczelnia": {
            "dom": 0.8571428571428571,
            "inne": 0.07142857142857142,
            "uczelnia": 0.0,
            "praca": 0.07142857142857142,
            "szkola": 0.0
        },
        "praca": {
            "dom": 0.8333333333333334,
            "inne": 0.16666666666666666,
            "uczelnia": 0.0,
            "praca": 0.0,
            "szkola": 0.0
        },
        "szkola": {
            "dom": 0.8857142857142857,
            "inne": 0.11428571428571428,
            "uczelnia": 0.0,
            "praca": 0.0,
            "szkola": 0.0
        }
    },
    "20-24_K": {
        "dom": {
            "dom": 0.4888888888888889,
            "inne": 0.3333333333333333,
            "uczelnia": 0.13333333333333333,
            "praca": 0.0,
            "szkola": 0.044444444444444446
        },
        "inne": {
            "dom": 0.8615384615384616,
            "inne": 0.08461538461538462,
            "uczelnia": 0.046153846153846156,
            "praca": 0.0,
            "szkola": 0.007692307692307693
        },
        "uczelnia": {
            "dom": 0.7301587301587301,
            "inne": 0.20105820105820105,
            "uczelnia": 0.047619047619047616,
            "praca": 0.015873015873015872,
            "szkola": 0.005291005291005291
        },
        "praca": {
            "dom": 0.8947368421052632,
            "inne": 0.10526315789473684,
            "uczelnia": 0.0,
            "praca": 0.0,
            "szkola": 0.0
        },
        "szkola": {
            "dom": 0.9230769230769231,
            "inne": 0.07692307692307693,
            "uczelnia": 0.0,
            "praca": 0.0,
            "szkola": 0.0
        }
    },
    "20-24_M": {
        "dom": {
            "dom": 0.5,
            "inne": 0.26,
            "uczelnia": 0.14,
            "praca": 0.08,
            "szkola": 0.02
        },
        "inne": {
            "dom": 0.8421052631578947,
            "inne": 0.10526315789473684,
            "uczelnia": 0.017543859649122806,
            "praca": 0.03508771929824561,
            "szkola": 0.0
        },
        "uczelnia": {
            "dom": 0.7784431137724551,
            "inne": 0.15568862275449102,
            "uczelnia": 0.041916167664670656,
            "praca": 0.023952095808383235,
            "szkola": 0.0
        },
        "praca": {
            "dom": 0.9016393442622951,
            "inne": 0.06557377049180328,
            "uczelnia": 0.01639344262295082,
            "praca": 0.01639344262295082,
            "szkola": 0.0
        },
        "szkola": {
            "dom": 0.875,
            "inne": 0.0,
            "uczelnia": 0.0,
            "praca": 0.0,
            "szkola": 0.125
        }
    },
    "25-44_K": {
        "dom": {
            "dom": 0.48214285714285715,
            "inne": 0.3273809523809524,
            "uczelnia": 0.0,
            "praca": 0.07738095238095238,
            "szkola": 0.1130952380952381
        },
        "inne": {
            "dom": 0.8330241187384044,
            "inne": 0.10575139146567718,
            "uczelnia": 0.0,
            "praca": 0.04452690166975881,
            "szkola": 0.016697588126159554
        },
        "uczelnia": {
            "dom": 0.8064516129032258,
            "inne": 0.16129032258064516,
            "uczelnia": 0.0,
            "praca": 0.03225806451612903,
            "szkola": 0.0
        },
        "praca": {
            "dom": 0.8459530026109661,
            "inne": 0.1174934725848564,
            "uczelnia": 0.0,
            "praca": 0.016971279373368148,
            "szkola": 0.0195822454308094
        },
        "szkola": {
            "dom": 0.5704225352112676,
            "inne": 0.11267605633802817,
            "uczelnia": 0.0,
            "praca": 0.15492957746478872,
            "szkola": 0.1619718309859155
        }
    },
    "25-44_M": {
        "dom": {
            "dom": 0.48514851485148514,
            "inne": 0.36633663366336633,
            "uczelnia": 0.0,
            "praca": 0.12871287128712872,
            "szkola": 0.019801980198019802
        },
        "inne": {
            "dom": 0.8668639053254438,
            "inne": 0.09171597633136094,
            "uczelnia": 0.0,
            "praca": 0.03550295857988166,
            "szkola": 0.005917159763313609
        },
        "uczelnia": {
            "dom": 0.9629629629629629,
            "inne": 0.0,
            "uczelnia": 0.0,
            "praca": 0.037037037037037035,
            "szkola": 0.0
        },
        "praca": {
            "dom": 0.8636363636363636,
            "inne": 0.10606060606060606,
            "uczelnia": 0.0,
            "praca": 0.026806526806526808,
            "szkola": 0.0034965034965034965
        },
        "szkola": {
            "dom": 0.4666666666666667,
            "inne": 0.17777777777777778,
            "uczelnia": 0.0,
            "praca": 0.26666666666666666,
            "szkola": 0.08888888888888889
        }
    },
    "45-60_K": {
        "dom": {
            "dom": 0.4915254237288136,
            "inne": 0.4067796610169492,
            "uczelnia": 0.0,
            "praca": 0.03389830508474576,
            "szkola": 0.06779661016949153
        },
        "inne": {
            "dom": 0.8623188405797102,
            "inne": 0.1111111111111111,
            "uczelnia": 0.0,
            "praca": 0.021739130434782608,
            "szkola": 0.004830917874396135
        },
        "uczelnia": {
            "dom": 0,
            "inne": 0,
            "uczelnia": 0,
            "praca": 0,
            "szkola": 0
        },
        "praca": {
            "dom": 0.873589164785553,
            "inne": 0.11060948081264109,
            "uczelnia": 0.0,
            "praca": 0.013544018058690745,
            "szkola": 0.002257336343115124
        },
        "szkola": {
            "dom": 0.5172413793103449,
            "inne": 0.1724137931034483,
            "uczelnia": 0.0,
            "praca": 0.13793103448275862,
            "szkola": 0.1724137931034483
        }
    },
    "45-65_M": {
        "dom": {
            "dom": 0.4909090909090909,
            "inne": 0.4727272727272727,
            "uczelnia": 0.0,
            "praca": 0.03636363636363636,
            "szkola": 0.0
        },
        "inne": {
            "dom": 0.8677248677248677,
            "inne": 0.10582010582010581,
            "uczelnia": 0.0,
            "praca": 0.026455026455026454,
            "szkola": 0.0
        },
        "uczelnia": {
            "dom": 0.75,
            "inne": 0.0,
            "uczelnia": 0.0,
            "praca": 0.25,