{
    "adults_entertainment": 0.022895324258243158,
    "culture_and_entertainment": 0.013298253579917782,
    "gastronomy": 0.24017780308644648,
    "grocery_shopping": 0.1919794250805611,
    "healthcare": 0.053113521102279015,
    "leisure_time_schools": 0.004430775078293828,
    "official_matters": 0.054796675014766955,
    "other": 0.008860610293082695,
    "other_shopping": 0.25177772037275015,
    "pharmacy": 0.0389305651490476,
    "religion": 0.010188303444913368,
    "services": 0.10784038612101979,
    "sport": 0.001710637418678041
}