{
    "adults_entertainment": 0.01882056702678872,
    "culture_and_entertainment": 0.013428008262480527,
    "gastronomy": 0.2163959064632266,
    "grocery_shopping": 0.21601427923942781,
    "healthcare": 0.0551190542772516,
    "leisure_time_schools": 0.003960503783510486,
    "official_matters": 0.04753861004637778,
    "other": 0.009784451302931324,
    "other_shopping": 0.24911988099203475,
    "pharmacy": 0.040797033731407646,
    "religion": 0.011703759978333875,
    "services": 0.11587226009314842,
    "sport": 0.0014456848030805398
}