{
    "adults_entertainment": 0.018820567026788717,
    "culture_and_entertainment": 0.013428008262480525,
    "gastronomy": 0.21639590646322657,
    "grocery_shopping": 0.21601427923942776,
    "healthcare": 0.05511905427725159,
    "leisure_time_schools": 0.003960503783510486,
    "official_matters": 0.04753861004637777,
    "other": 0.009784451302931324,
    "other_shopping": 0.28991691472344233,
    "religion": 0.011703759978333873,
    "services": 0.11587226009314841,
    "sport": 0.0014456848030805396
}